"","rng_seed","sirg","siri","scr","erg","eri","age","mutation_rate","n_alignments","sequence_length","nspp","n_beast_runs"
"article_0_0_0_3_0_100.RDa",100,0.3,0.3,0.1,0,0,15,0.5,2,1000,1000,2
"article_0_0_0_3_0_101.RDa",101,0.3,0.3,0.1,0,0,15,0.5,2,1000,1000,2
"article_0_0_0_3_0_102.RDa",102,0.3,0.3,0.1,0,0,15,0.5,2,1000,1000,2
"article_0_0_0_3_0_103.RDa",103,0.3,0.3,0.1,0,0,15,0.5,2,1000,1000,2
"article_0_0_0_3_0_104.RDa",104,0.3,0.3,0.1,0,0,15,0.5,2,1000,1000,2
"article_0_0_0_3_0_105.RDa",105,0.3,0.3,0.1,0,0,15,0.5,2,1000,1000,2
"article_0_0_0_3_0_106.RDa",106,0.3,0.3,0.1,0,0,15,0.5,2,1000,1000,2
"article_0_0_0_3_0_107.RDa",107,0.3,0.3,0.1,0,0,15,0.5,2,1000,1000,2
"article_0_0_0_3_0_108.RDa",108,0.3,0.3,0.1,0,0,15,0.5,2,1000,1000,2
"article_0_0_0_3_0_109.RDa",109,0.3,0.3,0.1,0,0,15,0.5,2,1000,1000,2
"article_0_0_0_3_0_110.RDa",110,0.3,0.3,0.1,0,0,15,0.5,2,1000,1000,2
"article_0_0_0_3_0_111.RDa",111,0.3,0.3,0.1,0,0,15,0.5,2,1000,1000,2
"article_0_0_0_3_0_112.RDa",112,0.3,0.3,0.1,0,0,15,0.5,2,1000,1000,2
"article_0_0_0_3_0_113.RDa",113,0.3,0.3,0.1,0,0,15,0.5,2,1000,1000,2
"article_0_0_0_3_0_114.RDa",114,0.3,0.3,0.1,0,0,15,0.5,2,1000,1000,2
"article_0_0_0_3_0_115.RDa",115,0.3,0.3,0.1,0,0,15,0.5,2,1000,1000,2
"article_0_0_0_3_0_116.RDa",116,0.3,0.3,0.1,0,0,15,0.5,2,1000,1000,2
"article_0_0_0_3_0_117.RDa",117,0.3,0.3,0.1,0,0,15,0.5,2,1000,1000,2
"article_0_0_0_3_0_118.RDa",118,0.3,0.3,0.1,0,0,15,0.5,2,1000,1000,2
"article_0_0_0_3_0_119.RDa",119,0.3,0.3,0.1,0,0,15,0.5,2,1000,1000,2
"article_0_0_0_3_1_120.RDa",120,0.3,0.3,0.1,0,0,15,0.5,2,10000,1000,2
"article_0_0_0_3_1_121.RDa",121,0.3,0.3,0.1,0,0,15,0.5,2,10000,1000,2
"article_0_0_0_3_1_122.RDa",122,0.3,0.3,0.1,0,0,15,0.5,2,10000,1000,2
"article_0_0_0_3_1_123.RDa",123,0.3,0.3,0.1,0,0,15,0.5,2,10000,1000,2
"article_0_0_0_3_1_124.RDa",124,0.3,0.3,0.1,0,0,15,0.5,2,10000,1000,2
"article_0_0_0_3_1_125.RDa",125,0.3,0.3,0.1,0,0,15,0.5,2,10000,1000,2
"article_0_0_0_3_1_126.RDa",126,0.3,0.3,0.1,0,0,15,0.5,2,10000,1000,2
"article_0_0_0_3_1_127.RDa",127,0.3,0.3,0.1,0,0,15,0.5,2,10000,1000,2
"article_0_0_0_3_1_128.RDa",128,0.3,0.3,0.1,0,0,15,0.5,2,10000,1000,2
"article_0_0_0_3_1_129.RDa",129,0.3,0.3,0.1,0,0,15,0.5,2,10000,1000,2
"article_0_0_0_3_1_130.RDa",130,0.3,0.3,0.1,0,0,15,0.5,2,10000,1000,2
"article_0_0_0_3_1_131.RDa",131,0.3,0.3,0.1,0,0,15,0.5,2,10000,1000,2
"article_0_0_0_3_1_132.RDa",132,0.3,0.3,0.1,0,0,15,0.5,2,10000,1000,2
"article_0_0_0_3_1_133.RDa",133,0.3,0.3,0.1,0,0,15,0.5,2,10000,1000,2
"article_0_0_0_3_1_134.RDa",134,0.3,0.3,0.1,0,0,15,0.5,2,10000,1000,2
"article_0_0_0_3_1_135.RDa",135,0.3,0.3,0.1,0,0,15,0.5,2,10000,1000,2
"article_0_0_0_3_1_136.RDa",136,0.3,0.3,0.1,0,0,15,0.5,2,10000,1000,2
"article_0_0_0_3_1_137.RDa",137,0.3,0.3,0.1,0,0,15,0.5,2,10000,1000,2
"article_0_0_0_3_1_138.RDa",138,0.3,0.3,0.1,0,0,15,0.5,2,10000,1000,2
"article_0_0_0_3_1_139.RDa",139,0.3,0.3,0.1,0,0,15,0.5,2,10000,1000,2
"article_0_0_1_3_0_140.RDa",140,0.3,0.3,0.1,0.1,0.1,15,0.5,2,1000,1000,2
"article_0_0_1_3_0_141.RDa",141,0.3,0.3,0.1,0.1,0.1,15,0.5,2,1000,1000,2
"article_0_0_1_3_0_142.RDa",142,0.3,0.3,0.1,0.1,0.1,15,0.5,2,1000,1000,2
"article_0_0_1_3_0_143.RDa",143,0.3,0.3,0.1,0.1,0.1,15,0.5,2,1000,1000,2
"article_0_0_1_3_0_144.RDa",144,0.3,0.3,0.1,0.1,0.1,15,0.5,2,1000,1000,2
"article_0_0_1_3_0_145.RDa",145,0.3,0.3,0.1,0.1,0.1,15,0.5,2,1000,1000,2
"article_0_0_1_3_0_146.RDa",146,0.3,0.3,0.1,0.1,0.1,15,0.5,2,1000,1000,2
"article_0_0_1_3_0_147.RDa",147,0.3,0.3,0.1,0.1,0.1,15,0.5,2,1000,1000,2
"article_0_0_1_3_0_148.RDa",148,0.3,0.3,0.1,0.1,0.1,15,0.5,2,1000,1000,2
"article_0_0_1_3_0_149.RDa",149,0.3,0.3,0.1,0.1,0.1,15,0.5,2,1000,1000,2
"article_0_0_1_3_0_150.RDa",150,0.3,0.3,0.1,0.1,0.1,15,0.5,2,1000,1000,2
"article_0_0_1_3_0_151.RDa",151,0.3,0.3,0.1,0.1,0.1,15,0.5,2,1000,1000,2
"article_0_0_1_3_0_152.RDa",152,0.3,0.3,0.1,0.1,0.1,15,0.5,2,1000,1000,2
"article_0_0_1_3_0_153.RDa",153,0.3,0.3,0.1,0.1,0.1,15,0.5,2,1000,1000,2
"article_0_0_1_3_0_154.RDa",154,0.3,0.3,0.1,0.1,0.1,15,0.5,2,1000,1000,2
"article_0_0_1_3_0_155.RDa",155,0.3,0.3,0.1,0.1,0.1,15,0.5,2,1000,1000,2
"article_0_0_1_3_0_156.RDa",156,0.3,0.3,0.1,0.1,0.1,15,0.5,2,1000,1000,2
"article_0_0_1_3_0_157.RDa",157,0.3,0.3,0.1,0.1,0.1,15,0.5,2,1000,1000,2
"article_0_0_1_3_0_158.RDa",158,0.3,0.3,0.1,0.1,0.1,15,0.5,2,1000,1000,2
"article_0_0_1_3_0_159.RDa",159,0.3,0.3,0.1,0.1,0.1,15,0.5,2,1000,1000,2
"article_0_0_1_3_1_160.RDa",160,0.3,0.3,0.1,0.1,0.1,15,0.5,2,10000,1000,2
"article_0_0_1_3_1_161.RDa",161,0.3,0.3,0.1,0.1,0.1,15,0.5,2,10000,1000,2
"article_0_0_1_3_1_162.RDa",162,0.3,0.3,0.1,0.1,0.1,15,0.5,2,10000,1000,2
"article_0_0_1_3_1_163.RDa",163,0.3,0.3,0.1,0.1,0.1,15,0.5,2,10000,1000,2
"article_0_0_1_3_1_164.RDa",164,0.3,0.3,0.1,0.1,0.1,15,0.5,2,10000,1000,2
"article_0_0_1_3_1_165.RDa",165,0.3,0.3,0.1,0.1,0.1,15,0.5,2,10000,1000,2
"article_0_0_1_3_1_166.RDa",166,0.3,0.3,0.1,0.1,0.1,15,0.5,2,10000,1000,2
"article_0_0_1_3_1_167.RDa",167,0.3,0.3,0.1,0.1,0.1,15,0.5,2,10000,1000,2
"article_0_0_1_3_1_168.RDa",168,0.3,0.3,0.1,0.1,0.1,15,0.5,2,10000,1000,2
"article_0_0_1_3_1_169.RDa",169,0.3,0.3,0.1,0.1,0.1,15,0.5,2,10000,1000,2
"article_0_0_1_3_1_170.RDa",170,0.3,0.3,0.1,0.1,0.1,15,0.5,2,10000,1000,2
"article_0_0_1_3_1_171.RDa",171,0.3,0.3,0.1,0.1,0.1,15,0.5,2,10000,1000,2
"article_0_0_1_3_1_172.RDa",172,0.3,0.3,0.1,0.1,0.1,15,0.5,2,10000,1000,2
"article_0_0_1_3_1_173.RDa",173,0.3,0.3,0.1,0.1,0.1,15,0.5,2,10000,1000,2
"article_0_0_1_3_1_174.RDa",174,0.3,0.3,0.1,0.1,0.1,15,0.5,2,10000,1000,2
"article_0_0_1_3_1_175.RDa",175,0.3,0.3,0.1,0.1,0.1,15,0.5,2,10000,1000,2
"article_0_0_1_3_1_176.RDa",176,0.3,0.3,0.1,0.1,0.1,15,0.5,2,10000,1000,2
"article_0_0_1_3_1_177.RDa",177,0.3,0.3,0.1,0.1,0.1,15,0.5,2,10000,1000,2
"article_0_0_1_3_1_178.RDa",178,0.3,0.3,0.1,0.1,0.1,15,0.5,2,10000,1000,2
"article_0_0_1_3_1_179.RDa",179,0.3,0.3,0.1,0.1,0.1,15,0.5,2,10000,1000,2
"article_0_0_2_3_0_180.RDa",180,0.3,0.3,0.1,0.2,0.2,15,0.5,2,1000,1000,2
"article_0_0_2_3_0_181.RDa",181,0.3,0.3,0.1,0.2,0.2,15,0.5,2,1000,1000,2
"article_0_0_2_3_0_182.RDa",182,0.3,0.3,0.1,0.2,0.2,15,0.5,2,1000,1000,2
"article_0_0_2_3_0_183.RDa",183,0.3,0.3,0.1,0.2,0.2,15,0.5,2,1000,1000,2
"article_0_0_2_3_0_184.RDa",184,0.3,0.3,0.1,0.2,0.2,15,0.5,2,1000,1000,2
"article_0_0_2_3_0_185.RDa",185,0.3,0.3,0.1,0.2,0.2,15,0.5,2,1000,1000,2
"article_0_0_2_3_0_186.RDa",186,0.3,0.3,0.1,0.2,0.2,15,0.5,2,1000,1000,2
"article_0_0_2_3_0_187.RDa",187,0.3,0.3,0.1,0.2,0.2,15,0.5,2,1000,1000,2
"article_0_0_2_3_0_188.RDa",188,0.3,0.3,0.1,0.2,0.2,15,0.5,2,1000,1000,2
"article_0_0_2_3_0_189.RDa",189,0.3,0.3,0.1,0.2,0.2,15,0.5,2,1000,1000,2
"article_0_0_2_3_0_190.RDa",190,0.3,0.3,0.1,0.2,0.2,15,0.5,2,1000,1000,2
"article_0_0_2_3_0_191.RDa",191,0.3,0.3,0.1,0.2,0.2,15,0.5,2,1000,1000,2
"article_0_0_2_3_0_192.RDa",192,0.3,0.3,0.1,0.2,0.2,15,0.5,2,1000,1000,2
"article_0_0_2_3_0_193.RDa",193,0.3,0.3,0.1,0.2,0.2,15,0.5,2,1000,1000,2
"article_0_0_2_3_0_194.RDa",194,0.3,0.3,0.1,0.2,0.2,15,0.5,2,1000,1000,2
"article_0_0_2_3_0_195.RDa",195,0.3,0.3,0.1,0.2,0.2,15,0.5,2,1000,1000,2
"article_0_0_2_3_0_196.RDa",196,0.3,0.3,0.1,0.2,0.2,15,0.5,2,1000,1000,2
"article_0_0_2_3_0_197.RDa",197,0.3,0.3,0.1,0.2,0.2,15,0.5,2,1000,1000,2
"article_0_0_2_3_0_198.RDa",198,0.3,0.3,0.1,0.2,0.2,15,0.5,2,1000,1000,2
"article_0_0_2_3_0_199.RDa",199,0.3,0.3,0.1,0.2,0.2,15,0.5,2,1000,1000,2
"article_0_0_2_3_1_200.RDa",200,0.3,0.3,0.1,0.2,0.2,15,0.5,2,10000,1000,2
"article_0_0_2_3_1_201.RDa",201,0.3,0.3,0.1,0.2,0.2,15,0.5,2,10000,1000,2
"article_0_0_2_3_1_202.RDa",202,0.3,0.3,0.1,0.2,0.2,15,0.5,2,10000,1000,2
"article_0_0_2_3_1_203.RDa",203,0.3,0.3,0.1,0.2,0.2,15,0.5,2,10000,1000,2
"article_0_0_2_3_1_204.RDa",204,0.3,0.3,0.1,0.2,0.2,15,0.5,2,10000,1000,2
"article_0_0_2_3_1_205.RDa",205,0.3,0.3,0.1,0.2,0.2,15,0.5,2,10000,1000,2
"article_0_0_2_3_1_206.RDa",206,0.3,0.3,0.1,0.2,0.2,15,0.5,2,10000,1000,2
"article_0_0_2_3_1_207.RDa",207,0.3,0.3,0.1,0.2,0.2,15,0.5,2,10000,1000,2
"article_0_0_2_3_1_208.RDa",208,0.3,0.3,0.1,0.2,0.2,15,0.5,2,10000,1000,2
"article_0_0_2_3_1_209.RDa",209,0.3,0.3,0.1,0.2,0.2,15,0.5,2,10000,1000,2
"article_0_0_2_3_1_210.RDa",210,0.3,0.3,0.1,0.2,0.2,15,0.5,2,10000,1000,2
"article_0_0_2_3_1_211.RDa",211,0.3,0.3,0.1,0.2,0.2,15,0.5,2,10000,1000,2
"article_0_0_2_3_1_212.RDa",212,0.3,0.3,0.1,0.2,0.2,15,0.5,2,10000,1000,2
"article_0_0_2_3_1_213.RDa",213,0.3,0.3,0.1,0.2,0.2,15,0.5,2,10000,1000,2
"article_0_0_2_3_1_214.RDa",214,0.3,0.3,0.1,0.2,0.2,15,0.5,2,10000,1000,2
"article_0_0_2_3_1_215.RDa",215,0.3,0.3,0.1,0.2,0.2,15,0.5,2,10000,1000,2
"article_0_0_2_3_1_216.RDa",216,0.3,0.3,0.1,0.2,0.2,15,0.5,2,10000,1000,2
"article_0_0_2_3_1_217.RDa",217,0.3,0.3,0.1,0.2,0.2,15,0.5,2,10000,1000,2
"article_0_0_2_3_1_218.RDa",218,0.3,0.3,0.1,0.2,0.2,15,0.5,2,10000,1000,2
"article_0_0_2_3_1_219.RDa",219,0.3,0.3,0.1,0.2,0.2,15,0.5,2,10000,1000,2
"article_0_1_0_3_0_220.RDa",220,0.3,0.3,0.3,0,0,15,0.5,2,1000,1000,2
"article_0_1_0_3_0_221.RDa",221,0.3,0.3,0.3,0,0,15,0.5,2,1000,1000,2
"article_0_1_0_3_0_222.RDa",222,0.3,0.3,0.3,0,0,15,0.5,2,1000,1000,2
"article_0_1_0_3_0_223.RDa",223,0.3,0.3,0.3,0,0,15,0.5,2,1000,1000,2
"article_0_1_0_3_0_224.RDa",224,0.3,0.3,0.3,0,0,15,0.5,2,1000,1000,2
"article_0_1_0_3_0_225.RDa",225,0.3,0.3,0.3,0,0,15,0.5,2,1000,1000,2
"article_0_1_0_3_0_226.RDa",226,0.3,0.3,0.3,0,0,15,0.5,2,1000,1000,2
"article_0_1_0_3_0_227.RDa",227,0.3,0.3,0.3,0,0,15,0.5,2,1000,1000,2
"article_0_1_0_3_0_228.RDa",228,0.3,0.3,0.3,0,0,15,0.5,2,1000,1000,2
"article_0_1_0_3_0_229.RDa",229,0.3,0.3,0.3,0,0,15,0.5,2,1000,1000,2
"article_0_1_0_3_0_230.RDa",230,0.3,0.3,0.3,0,0,15,0.5,2,1000,1000,2
"article_0_1_0_3_0_231.RDa",231,0.3,0.3,0.3,0,0,15,0.5,2,1000,1000,2
"article_0_1_0_3_0_232.RDa",232,0.3,0.3,0.3,0,0,15,0.5,2,1000,1000,2
"article_0_1_0_3_0_233.RDa",233,0.3,0.3,0.3,0,0,15,0.5,2,1000,1000,2
"article_0_1_0_3_0_234.RDa",234,0.3,0.3,0.3,0,0,15,0.5,2,1000,1000,2
"article_0_1_0_3_0_235.RDa",235,0.3,0.3,0.3,0,0,15,0.5,2,1000,1000,2
"article_0_1_0_3_0_236.RDa",236,0.3,0.3,0.3,0,0,15,0.5,2,1000,1000,2
"article_0_1_0_3_0_237.RDa",237,0.3,0.3,0.3,0,0,15,0.5,2,1000,1000,2
"article_0_1_0_3_0_238.RDa",238,0.3,0.3,0.3,0,0,15,0.5,2,1000,1000,2
"article_0_1_0_3_0_239.RDa",239,0.3,0.3,0.3,0,0,15,0.5,2,1000,1000,2
"article_0_1_0_3_1_240.RDa",240,0.3,0.3,0.3,0,0,15,0.5,2,10000,1000,2
"article_0_1_0_3_1_241.RDa",241,0.3,0.3,0.3,0,0,15,0.5,2,10000,1000,2
"article_0_1_0_3_1_242.RDa",242,0.3,0.3,0.3,0,0,15,0.5,2,10000,1000,2
"article_0_1_0_3_1_243.RDa",243,0.3,0.3,0.3,0,0,15,0.5,2,10000,1000,2
"article_0_1_0_3_1_244.RDa",244,0.3,0.3,0.3,0,0,15,0.5,2,10000,1000,2
"article_0_1_0_3_1_245.RDa",245,0.3,0.3,0.3,0,0,15,0.5,2,10000,1000,2
"article_0_1_0_3_1_246.RDa",246,0.3,0.3,0.3,0,0,15,0.5,2,10000,1000,2
"article_0_1_0_3_1_247.RDa",247,0.3,0.3,0.3,0,0,15,0.5,2,10000,1000,2
"article_0_1_0_3_1_248.RDa",248,0.3,0.3,0.3,0,0,15,0.5,2,10000,1000,2
"article_0_1_0_3_1_249.RDa",249,0.3,0.3,0.3,0,0,15,0.5,2,10000,1000,2
"article_0_1_0_3_1_250.RDa",250,0.3,0.3,0.3,0,0,15,0.5,2,10000,1000,2
"article_0_1_0_3_1_251.RDa",251,0.3,0.3,0.3,0,0,15,0.5,2,10000,1000,2
"article_0_1_0_3_1_252.RDa",252,0.3,0.3,0.3,0,0,15,0.5,2,10000,1000,2
"article_0_1_0_3_1_253.RDa",253,0.3,0.3,0.3,0,0,15,0.5,2,10000,1000,2
"article_0_1_0_3_1_254.RDa",254,0.3,0.3,0.3,0,0,15,0.5,2,10000,1000,2
"article_0_1_0_3_1_255.RDa",255,0.3,0.3,0.3,0,0,15,0.5,2,10000,1000,2
"article_0_1_0_3_1_256.RDa",256,0.3,0.3,0.3,0,0,15,0.5,2,10000,1000,2
"article_0_1_0_3_1_257.RDa",257,0.3,0.3,0.3,0,0,15,0.5,2,10000,1000,2
"article_0_1_0_3_1_258.RDa",258,0.3,0.3,0.3,0,0,15,0.5,2,10000,1000,2
"article_0_1_0_3_1_259.RDa",259,0.3,0.3,0.3,0,0,15,0.5,2,10000,1000,2
"article_0_1_1_3_0_260.RDa",260,0.3,0.3,0.3,0.1,0.1,15,0.5,2,1000,1000,2
"article_0_1_1_3_0_261.RDa",261,0.3,0.3,0.3,0.1,0.1,15,0.5,2,1000,1000,2
"article_0_1_1_3_0_262.RDa",262,0.3,0.3,0.3,0.1,0.1,15,0.5,2,1000,1000,2
"article_0_1_1_3_0_263.RDa",263,0.3,0.3,0.3,0.1,0.1,15,0.5,2,1000,1000,2
"article_0_1_1_3_0_264.RDa",264,0.3,0.3,0.3,0.1,0.1,15,0.5,2,1000,1000,2
"article_0_1_1_3_0_265.RDa",265,0.3,0.3,0.3,0.1,0.1,15,0.5,2,1000,1000,2
"article_0_1_1_3_0_266.RDa",266,0.3,0.3,0.3,0.1,0.1,15,0.5,2,1000,1000,2
"article_0_1_1_3_0_267.RDa",267,0.3,0.3,0.3,0.1,0.1,15,0.5,2,1000,1000,2
"article_0_1_1_3_0_268.RDa",268,0.3,0.3,0.3,0.1,0.1,15,0.5,2,1000,1000,2
"article_0_1_1_3_0_269.RDa",269,0.3,0.3,0.3,0.1,0.1,15,0.5,2,1000,1000,2
"article_0_1_1_3_0_270.RDa",270,0.3,0.3,0.3,0.1,0.1,15,0.5,2,1000,1000,2
"article_0_1_1_3_0_271.RDa",271,0.3,0.3,0.3,0.1,0.1,15,0.5,2,1000,1000,2
"article_0_1_1_3_0_272.RDa",272,0.3,0.3,0.3,0.1,0.1,15,0.5,2,1000,1000,2
"article_0_1_1_3_0_273.RDa",273,0.3,0.3,0.3,0.1,0.1,15,0.5,2,1000,1000,2
"article_0_1_1_3_0_274.RDa",274,0.3,0.3,0.3,0.1,0.1,15,0.5,2,1000,1000,2
"article_0_1_1_3_0_275.RDa",275,0.3,0.3,0.3,0.1,0.1,15,0.5,2,1000,1000,2
"article_0_1_1_3_0_276.RDa",276,0.3,0.3,0.3,0.1,0.1,15,0.5,2,1000,1000,2
"article_0_1_1_3_0_277.RDa",277,0.3,0.3,0.3,0.1,0.1,15,0.5,2,1000,1000,2
"article_0_1_1_3_0_278.RDa",278,0.3,0.3,0.3,0.1,0.1,15,0.5,2,1000,1000,2
"article_0_1_1_3_0_279.RDa",279,0.3,0.3,0.3,0.1,0.1,15,0.5,2,1000,1000,2
"article_0_1_1_3_1_280.RDa",280,0.3,0.3,0.3,0.1,0.1,15,0.5,2,10000,1000,2
"article_0_1_1_3_1_281.RDa",281,0.3,0.3,0.3,0.1,0.1,15,0.5,2,10000,1000,2
"article_0_1_1_3_1_282.RDa",282,0.3,0.3,0.3,0.1,0.1,15,0.5,2,10000,1000,2
"article_0_1_1_3_1_283.RDa",283,0.3,0.3,0.3,0.1,0.1,15,0.5,2,10000,1000,2
"article_0_1_1_3_1_284.RDa",284,0.3,0.3,0.3,0.1,0.1,15,0.5,2,10000,1000,2
"article_0_1_1_3_1_285.RDa",285,0.3,0.3,0.3,0.1,0.1,15,0.5,2,10000,1000,2
"article_0_1_1_3_1_286.RDa",286,0.3,0.3,0.3,0.1,0.1,15,0.5,2,10000,1000,2
"article_0_1_1_3_1_287.RDa",287,0.3,0.3,0.3,0.1,0.1,15,0.5,2,10000,1000,2
"article_0_1_1_3_1_288.RDa",288,0.3,0.3,0.3,0.1,0.1,15,0.5,2,10000,1000,2
"article_0_1_1_3_1_289.RDa",289,0.3,0.3,0.3,0.1,0.1,15,0.5,2,10000,1000,2
"article_0_1_1_3_1_290.RDa",290,0.3,0.3,0.3,0.1,0.1,15,0.5,2,10000,1000,2
"article_0_1_1_3_1_291.RDa",291,0.3,0.3,0.3,0.1,0.1,15,0.5,2,10000,1000,2
"article_0_1_1_3_1_292.RDa",292,0.3,0.3,0.3,0.1,0.1,15,0.5,2,10000,1000,2
"article_0_1_1_3_1_293.RDa",293,0.3,0.3,0.3,0.1,0.1,15,0.5,2,10000,1000,2
"article_0_1_1_3_1_294.RDa",294,0.3,0.3,0.3,0.1,0.1,15,0.5,2,10000,1000,2
"article_0_1_1_3_1_295.RDa",295,0.3,0.3,0.3,0.1,0.1,15,0.5,2,10000,1000,2
"article_0_1_1_3_1_296.RDa",296,0.3,0.3,0.3,0.1,0.1,15,0.5,2,10000,1000,2
"article_0_1_1_3_1_297.RDa",297,0.3,0.3,0.3,0.1,0.1,15,0.5,2,10000,1000,2
"article_0_1_1_3_1_298.RDa",298,0.3,0.3,0.3,0.1,0.1,15,0.5,2,10000,1000,2
"article_0_1_1_3_1_299.RDa",299,0.3,0.3,0.3,0.1,0.1,15,0.5,2,10000,1000,2
"article_0_1_2_3_0_300.RDa",300,0.3,0.3,0.3,0.2,0.2,15,0.5,2,1000,1000,2
"article_0_1_2_3_0_301.RDa",301,0.3,0.3,0.3,0.2,0.2,15,0.5,2,1000,1000,2
"article_0_1_2_3_0_302.RDa",302,0.3,0.3,0.3,0.2,0.2,15,0.5,2,1000,1000,2
"article_0_1_2_3_0_303.RDa",303,0.3,0.3,0.3,0.2,0.2,15,0.5,2,1000,1000,2
"article_0_1_2_3_0_304.RDa",304,0.3,0.3,0.3,0.2,0.2,15,0.5,2,1000,1000,2
"article_0_1_2_3_0_305.RDa",305,0.3,0.3,0.3,0.2,0.2,15,0.5,2,1000,1000,2
"article_0_1_2_3_0_306.RDa",306,0.3,0.3,0.3,0.2,0.2,15,0.5,2,1000,1000,2
"article_0_1_2_3_0_307.RDa",307,0.3,0.3,0.3,0.2,0.2,15,0.5,2,1000,1000,2
"article_0_1_2_3_0_308.RDa",308,0.3,0.3,0.3,0.2,0.2,15,0.5,2,1000,1000,2
"article_0_1_2_3_0_309.RDa",309,0.3,0.3,0.3,0.2,0.2,15,0.5,2,1000,1000,2
"article_0_1_2_3_0_310.RDa",310,0.3,0.3,0.3,0.2,0.2,15,0.5,2,1000,1000,2
"article_0_1_2_3_0_311.RDa",311,0.3,0.3,0.3,0.2,0.2,15,0.5,2,1000,1000,2
"article_0_1_2_3_0_312.RDa",312,0.3,0.3,0.3,0.2,0.2,15,0.5,2,1000,1000,2
"article_0_1_2_3_0_313.RDa",313,0.3,0.3,0.3,0.2,0.2,15,0.5,2,1000,1000,2
"article_0_1_2_3_0_314.RDa",314,0.3,0.3,0.3,0.2,0.2,15,0.5,2,1000,1000,2
"article_0_1_2_3_0_315.RDa",315,0.3,0.3,0.3,0.2,0.2,15,0.5,2,1000,1000,2
"article_0_1_2_3_0_316.RDa",316,0.3,0.3,0.3,0.2,0.2,15,0.5,2,1000,1000,2
"article_0_1_2_3_0_317.RDa",317,0.3,0.3,0.3,0.2,0.2,15,0.5,2,1000,1000,2
"article_0_1_2_3_0_318.RDa",318,0.3,0.3,0.3,0.2,0.2,15,0.5,2,1000,1000,2
"article_0_1_2_3_0_319.RDa",319,0.3,0.3,0.3,0.2,0.2,15,0.5,2,1000,1000,2
"article_0_1_2_3_1_320.RDa",320,0.3,0.3,0.3,0.2,0.2,15,0.5,2,10000,1000,2
"article_0_1_2_3_1_321.RDa",321,0.3,0.3,0.3,0.2,0.2,15,0.5,2,10000,1000,2
"article_0_1_2_3_1_322.RDa",322,0.3,0.3,0.3,0.2,0.2,15,0.5,2,10000,1000,2
"article_0_1_2_3_1_323.RDa",323,0.3,0.3,0.3,0.2,0.2,15,0.5,2,10000,1000,2
"article_0_1_2_3_1_324.RDa",324,0.3,0.3,0.3,0.2,0.2,15,0.5,2,10000,1000,2
"article_0_1_2_3_1_325.RDa",325,0.3,0.3,0.3,0.2,0.2,15,0.5,2,10000,1000,2
"article_0_1_2_3_1_326.RDa",326,0.3,0.3,0.3,0.2,0.2,15,0.5,2,10000,1000,2
"article_0_1_2_3_1_327.RDa",327,0.3,0.3,0.3,0.2,0.2,15,0.5,2,10000,1000,2
"article_0_1_2_3_1_328.RDa",328,0.3,0.3,0.3,0.2,0.2,15,0.5,2,10000,1000,2
"article_0_1_2_3_1_329.RDa",329,0.3,0.3,0.3,0.2,0.2,15,0.5,2,10000,1000,2
"article_0_1_2_3_1_330.RDa",330,0.3,0.3,0.3,0.2,0.2,15,0.5,2,10000,1000,2
"article_0_1_2_3_1_331.RDa",331,0.3,0.3,0.3,0.2,0.2,15,0.5,2,10000,1000,2
"article_0_1_2_3_1_332.RDa",332,0.3,0.3,0.3,0.2,0.2,15,0.5,2,10000,1000,2
"article_0_1_2_3_1_333.RDa",333,0.3,0.3,0.3,0.2,0.2,15,0.5,2,10000,1000,2
"article_0_1_2_3_1_334.RDa",334,0.3,0.3,0.3,0.2,0.2,15,0.5,2,10000,1000,2
"article_0_1_2_3_1_335.RDa",335,0.3,0.3,0.3,0.2,0.2,15,0.5,2,10000,1000,2
"article_0_1_2_3_1_336.RDa",336,0.3,0.3,0.3,0.2,0.2,15,0.5,2,10000,1000,2
"article_0_1_2_3_1_337.RDa",337,0.3,0.3,0.3,0.2,0.2,15,0.5,2,10000,1000,2
"article_0_1_2_3_1_338.RDa",338,0.3,0.3,0.3,0.2,0.2,15,0.5,2,10000,1000,2
"article_0_1_2_3_1_339.RDa",339,0.3,0.3,0.3,0.2,0.2,15,0.5,2,10000,1000,2
"article_0_2_0_3_0_340.RDa",340,0.3,0.3,1,0,0,15,0.5,2,1000,1000,2
"article_0_2_0_3_0_341.RDa",341,0.3,0.3,1,0,0,15,0.5,2,1000,1000,2
"article_0_2_0_3_0_342.RDa",342,0.3,0.3,1,0,0,15,0.5,2,1000,1000,2
"article_0_2_0_3_0_343.RDa",343,0.3,0.3,1,0,0,15,0.5,2,1000,1000,2
"article_0_2_0_3_0_344.RDa",344,0.3,0.3,1,0,0,15,0.5,2,1000,1000,2
"article_0_2_0_3_0_345.RDa",345,0.3,0.3,1,0,0,15,0.5,2,1000,1000,2
"article_0_2_0_3_0_346.RDa",346,0.3,0.3,1,0,0,15,0.5,2,1000,1000,2
"article_0_2_0_3_0_347.RDa",347,0.3,0.3,1,0,0,15,0.5,2,1000,1000,2
"article_0_2_0_3_0_348.RDa",348,0.3,0.3,1,0,0,15,0.5,2,1000,1000,2
"article_0_2_0_3_0_349.RDa",349,0.3,0.3,1,0,0,15,0.5,2,1000,1000,2
"article_0_2_0_3_0_350.RDa",350,0.3,0.3,1,0,0,15,0.5,2,1000,1000,2
"article_0_2_0_3_0_351.RDa",351,0.3,0.3,1,0,0,15,0.5,2,1000,1000,2
"article_0_2_0_3_0_352.RDa",352,0.3,0.3,1,0,0,15,0.5,2,1000,1000,2
"article_0_2_0_3_0_353.RDa",353,0.3,0.3,1,0,0,15,0.5,2,1000,1000,2
"article_0_2_0_3_0_354.RDa",354,0.3,0.3,1,0,0,15,0.5,2,1000,1000,2
"article_0_2_0_3_0_355.RDa",355,0.3,0.3,1,0,0,15,0.5,2,1000,1000,2
"article_0_2_0_3_0_356.RDa",356,0.3,0.3,1,0,0,15,0.5,2,1000,1000,2
"article_0_2_0_3_0_357.RDa",357,0.3,0.3,1,0,0,15,0.5,2,1000,1000,2
"article_0_2_0_3_0_358.RDa",358,0.3,0.3,1,0,0,15,0.5,2,1000,1000,2
"article_0_2_0_3_0_359.RDa",359,0.3,0.3,1,0,0,15,0.5,2,1000,1000,2
"article_0_2_0_3_1_360.RDa",360,0.3,0.3,1,0,0,15,0.5,2,10000,1000,2
"article_0_2_0_3_1_361.RDa",361,0.3,0.3,1,0,0,15,0.5,2,10000,1000,2
"article_0_2_0_3_1_362.RDa",362,0.3,0.3,1,0,0,15,0.5,2,10000,1000,2
"article_0_2_0_3_1_363.RDa",363,0.3,0.3,1,0,0,15,0.5,2,10000,1000,2
"article_0_2_0_3_1_364.RDa",364,0.3,0.3,1,0,0,15,0.5,2,10000,1000,2
"article_0_2_0_3_1_365.RDa",365,0.3,0.3,1,0,0,15,0.5,2,10000,1000,2
"article_0_2_0_3_1_366.RDa",366,0.3,0.3,1,0,0,15,0.5,2,10000,1000,2
"article_0_2_0_3_1_367.RDa",367,0.3,0.3,1,0,0,15,0.5,2,10000,1000,2
"article_0_2_0_3_1_368.RDa",368,0.3,0.3,1,0,0,15,0.5,2,10000,1000,2
"article_0_2_0_3_1_369.RDa",369,0.3,0.3,1,0,0,15,0.5,2,10000,1000,2
"article_0_2_0_3_1_370.RDa",370,0.3,0.3,1,0,0,15,0.5,2,10000,1000,2
"article_0_2_0_3_1_371.RDa",371,0.3,0.3,1,0,0,15,0.5,2,10000,1000,2
"article_0_2_0_3_1_372.RDa",372,0.3,0.3,1,0,0,15,0.5,2,10000,1000,2
"article_0_2_0_3_1_373.RDa",373,0.3,0.3,1,0,0,15,0.5,2,10000,1000,2
"article_0_2_0_3_1_374.RDa",374,0.3,0.3,1,0,0,15,0.5,2,10000,1000,2
"article_0_2_0_3_1_375.RDa",375,0.3,0.3,1,0,0,15,0.5,2,10000,1000,2
"article_0_2_0_3_1_376.RDa",376,0.3,0.3,1,0,0,15,0.5,2,10000,1000,2
"article_0_2_0_3_1_377.RDa",377,0.3,0.3,1,0,0,15,0.5,2,10000,1000,2
"article_0_2_0_3_1_378.RDa",378,0.3,0.3,1,0,0,15,0.5,2,10000,1000,2
"article_0_2_0_3_1_379.RDa",379,0.3,0.3,1,0,0,15,0.5,2,10000,1000,2
"article_0_2_1_3_0_380.RDa",380,0.3,0.3,1,0.1,0.1,15,0.5,2,1000,1000,2
"article_0_2_1_3_0_381.RDa",381,0.3,0.3,1,0.1,0.1,15,0.5,2,1000,1000,2
"article_0_2_1_3_0_382.RDa",382,0.3,0.3,1,0.1,0.1,15,0.5,2,1000,1000,2
"article_0_2_1_3_0_383.RDa",383,0.3,0.3,1,0.1,0.1,15,0.5,2,1000,1000,2
"article_0_2_1_3_0_384.RDa",384,0.3,0.3,1,0.1,0.1,15,0.5,2,1000,1000,2
"article_0_2_1_3_0_385.RDa",385,0.3,0.3,1,0.1,0.1,15,0.5,2,1000,1000,2
"article_0_2_1_3_0_386.RDa",386,0.3,0.3,1,0.1,0.1,15,0.5,2,1000,1000,2
"article_0_2_1_3_0_387.RDa",387,0.3,0.3,1,0.1,0.1,15,0.5,2,1000,1000,2
"article_0_2_1_3_0_388.RDa",388,0.3,0.3,1,0.1,0.1,15,0.5,2,1000,1000,2
"article_0_2_1_3_0_389.RDa",389,0.3,0.3,1,0.1,0.1,15,0.5,2,1000,1000,2
"article_0_2_1_3_0_390.RDa",390,0.3,0.3,1,0.1,0.1,15,0.5,2,1000,1000,2
"article_0_2_1_3_0_391.RDa",391,0.3,0.3,1,0.1,0.1,15,0.5,2,1000,1000,2
"article_0_2_1_3_0_392.RDa",392,0.3,0.3,1,0.1,0.1,15,0.5,2,1000,1000,2
"article_0_2_1_3_0_393.RDa",393,0.3,0.3,1,0.1,0.1,15,0.5,2,1000,1000,2
"article_0_2_1_3_0_394.RDa",394,0.3,0.3,1,0.1,0.1,15,0.5,2,1000,1000,2
"article_0_2_1_3_0_395.RDa",395,0.3,0.3,1,0.1,0.1,15,0.5,2,1000,1000,2
"article_0_2_1_3_0_396.RDa",396,0.3,0.3,1,0.1,0.1,15,0.5,2,1000,1000,2
"article_0_2_1_3_0_397.RDa",397,0.3,0.3,1,0.1,0.1,15,0.5,2,1000,1000,2
"article_0_2_1_3_0_398.RDa",398,0.3,0.3,1,0.1,0.1,15,0.5,2,1000,1000,2
"article_0_2_1_3_0_399.RDa",399,0.3,0.3,1,0.1,0.1,15,0.5,2,1000,1000,2
"article_0_2_1_3_1_400.RDa",400,0.3,0.3,1,0.1,0.1,15,0.5,2,10000,1000,2
"article_0_2_1_3_1_401.RDa",401,0.3,0.3,1,0.1,0.1,15,0.5,2,10000,1000,2
"article_0_2_1_3_1_402.RDa",402,0.3,0.3,1,0.1,0.1,15,0.5,2,10000,1000,2
"article_0_2_1_3_1_403.RDa",403,0.3,0.3,1,0.1,0.1,15,0.5,2,10000,1000,2
"article_0_2_1_3_1_404.RDa",404,0.3,0.3,1,0.1,0.1,15,0.5,2,10000,1000,2
"article_0_2_1_3_1_405.RDa",405,0.3,0.3,1,0.1,0.1,15,0.5,2,10000,1000,2
"article_0_2_1_3_1_406.RDa",406,0.3,0.3,1,0.1,0.1,15,0.5,2,10000,1000,2
"article_0_2_1_3_1_407.RDa",407,0.3,0.3,1,0.1,0.1,15,0.5,2,10000,1000,2
"article_0_2_1_3_1_408.RDa",408,0.3,0.3,1,0.1,0.1,15,0.5,2,10000,1000,2
"article_0_2_1_3_1_409.RDa",409,0.3,0.3,1,0.1,0.1,15,0.5,2,10000,1000,2
"article_0_2_1_3_1_410.RDa",410,0.3,0.3,1,0.1,0.1,15,0.5,2,10000,1000,2
"article_0_2_1_3_1_411.RDa",411,0.3,0.3,1,0.1,0.1,15,0.5,2,10000,1000,2
"article_0_2_1_3_1_412.RDa",412,0.3,0.3,1,0.1,0.1,15,0.5,2,10000,1000,2
"article_0_2_1_3_1_413.RDa",413,0.3,0.3,1,0.1,0.1,15,0.5,2,10000,1000,2
"article_0_2_1_3_1_414.RDa",414,0.3,0.3,1,0.1,0.1,15,0.5,2,10000,1000,2
"article_0_2_1_3_1_415.RDa",415,0.3,0.3,1,0.1,0.1,15,0.5,2,10000,1000,2
"article_0_2_1_3_1_416.RDa",416,0.3,0.3,1,0.1,0.1,15,0.5,2,10000,1000,2
"article_0_2_1_3_1_417.RDa",417,0.3,0.3,1,0.1,0.1,15,0.5,2,10000,1000,2
"article_0_2_1_3_1_418.RDa",418,0.3,0.3,1,0.1,0.1,15,0.5,2,10000,1000,2
"article_0_2_1_3_1_419.RDa",419,0.3,0.3,1,0.1,0.1,15,0.5,2,10000,1000,2
"article_0_2_2_3_0_420.RDa",420,0.3,0.3,1,0.2,0.2,15,0.5,2,1000,1000,2
"article_0_2_2_3_0_421.RDa",421,0.3,0.3,1,0.2,0.2,15,0.5,2,1000,1000,2
"article_0_2_2_3_0_422.RDa",422,0.3,0.3,1,0.2,0.2,15,0.5,2,1000,1000,2
"article_0_2_2_3_0_423.RDa",423,0.3,0.3,1,0.2,0.2,15,0.5,2,1000,1000,2
"article_0_2_2_3_0_424.RDa",424,0.3,0.3,1,0.2,0.2,15,0.5,2,1000,1000,2
"article_0_2_2_3_0_425.RDa",425,0.3,0.3,1,0.2,0.2,15,0.5,2,1000,1000,2
"article_0_2_2_3_0_426.RDa",426,0.3,0.3,1,0.2,0.2,15,0.5,2,1000,1000,2
"article_0_2_2_3_0_427.RDa",427,0.3,0.3,1,0.2,0.2,15,0.5,2,1000,1000,2
"article_0_2_2_3_0_428.RDa",428,0.3,0.3,1,0.2,0.2,15,0.5,2,1000,1000,2
"article_0_2_2_3_0_429.RDa",429,0.3,0.3,1,0.2,0.2,15,0.5,2,1000,1000,2
"article_0_2_2_3_0_430.RDa",430,0.3,0.3,1,0.2,0.2,15,0.5,2,1000,1000,2
"article_0_2_2_3_0_431.RDa",431,0.3,0.3,1,0.2,0.2,15,0.5,2,1000,1000,2
"article_0_2_2_3_0_432.RDa",432,0.3,0.3,1,0.2,0.2,15,0.5,2,1000,1000,2
"article_0_2_2_3_0_433.RDa",433,0.3,0.3,1,0.2,0.2,15,0.5,2,1000,1000,2
"article_0_2_2_3_0_434.RDa",434,0.3,0.3,1,0.2,0.2,15,0.5,2,1000,1000,2
"article_0_2_2_3_0_435.RDa",435,0.3,0.3,1,0.2,0.2,15,0.5,2,1000,1000,2
"article_0_2_2_3_0_436.RDa",436,0.3,0.3,1,0.2,0.2,15,0.5,2,1000,1000,2
"article_0_2_2_3_0_437.RDa",437,0.3,0.3,1,0.2,0.2,15,0.5,2,1000,1000,2
"article_0_2_2_3_0_438.RDa",438,0.3,0.3,1,0.2,0.2,15,0.5,2,1000,1000,2
"article_0_2_2_3_0_439.RDa",439,0.3,0.3,1,0.2,0.2,15,0.5,2,1000,1000,2
"article_0_2_2_3_1_440.RDa",440,0.3,0.3,1,0.2,0.2,15,0.5,2,10000,1000,2
"article_0_2_2_3_1_441.RDa",441,0.3,0.3,1,0.2,0.2,15,0.5,2,10000,1000,2
"article_0_2_2_3_1_442.RDa",442,0.3,0.3,1,0.2,0.2,15,0.5,2,10000,1000,2
"article_0_2_2_3_1_443.RDa",443,0.3,0.3,1,0.2,0.2,15,0.5,2,10000,1000,2
"article_0_2_2_3_1_444.RDa",444,0.3,0.3,1,0.2,0.2,15,0.5,2,10000,1000,2
"article_0_2_2_3_1_445.RDa",445,0.3,0.3,1,0.2,0.2,15,0.5,2,10000,1000,2
"article_0_2_2_3_1_446.RDa",446,0.3,0.3,1,0.2,0.2,15,0.5,2,10000,1000,2
"article_0_2_2_3_1_447.RDa",447,0.3,0.3,1,0.2,0.2,15,0.5,2,10000,1000,2
"article_0_2_2_3_1_448.RDa",448,0.3,0.3,1,0.2,0.2,15,0.5,2,10000,1000,2
"article_0_2_2_3_1_449.RDa",449,0.3,0.3,1,0.2,0.2,15,0.5,2,10000,1000,2
"article_0_2_2_3_1_450.RDa",450,0.3,0.3,1,0.2,0.2,15,0.5,2,10000,1000,2
"article_0_2_2_3_1_451.RDa",451,0.3,0.3,1,0.2,0.2,15,0.5,2,10000,1000,2
"article_0_2_2_3_1_452.RDa",452,0.3,0.3,1,0.2,0.2,15,0.5,2,10000,1000,2
"article_0_2_2_3_1_453.RDa",453,0.3,0.3,1,0.2,0.2,15,0.5,2,10000,1000,2
"article_0_2_2_3_1_454.RDa",454,0.3,0.3,1,0.2,0.2,15,0.5,2,10000,1000,2
"article_0_2_2_3_1_455.RDa",455,0.3,0.3,1,0.2,0.2,15,0.5,2,10000,1000,2
"article_0_2_2_3_1_456.RDa",456,0.3,0.3,1,0.2,0.2,15,0.5,2,10000,1000,2
"article_0_2_2_3_1_457.RDa",457,0.3,0.3,1,0.2,0.2,15,0.5,2,10000,1000,2
"article_0_2_2_3_1_458.RDa",458,0.3,0.3,1,0.2,0.2,15,0.5,2,10000,1000,2
"article_0_2_2_3_1_459.RDa",459,0.3,0.3,1,0.2,0.2,15,0.5,2,10000,1000,2
"article_0_3_0_3_0_460.RDa",460,0.3,0.3,1e+06,0,0,15,0.5,2,1000,1000,2
"article_0_3_0_3_0_461.RDa",461,0.3,0.3,1e+06,0,0,15,0.5,2,1000,1000,2
"article_0_3_0_3_0_462.RDa",462,0.3,0.3,1e+06,0,0,15,0.5,2,1000,1000,2
"article_0_3_0_3_0_463.RDa",463,0.3,0.3,1e+06,0,0,15,0.5,2,1000,1000,2
"article_0_3_0_3_0_464.RDa",464,0.3,0.3,1e+06,0,0,15,0.5,2,1000,1000,2
"article_0_3_0_3_0_465.RDa",465,0.3,0.3,1e+06,0,0,15,0.5,2,1000,1000,2
"article_0_3_0_3_0_466.RDa",466,0.3,0.3,1e+06,0,0,15,0.5,2,1000,1000,2
"article_0_3_0_3_0_467.RDa",467,0.3,0.3,1e+06,0,0,15,0.5,2,1000,1000,2
"article_0_3_0_3_0_468.RDa",468,0.3,0.3,1e+06,0,0,15,0.5,2,1000,1000,2
"article_0_3_0_3_0_469.RDa",469,0.3,0.3,1e+06,0,0,15,0.5,2,1000,1000,2
"article_0_3_0_3_0_470.RDa",470,0.3,0.3,1e+06,0,0,15,0.5,2,1000,1000,2
"article_0_3_0_3_0_471.RDa",471,0.3,0.3,1e+06,0,0,15,0.5,2,1000,1000,2
"article_0_3_0_3_0_472.RDa",472,0.3,0.3,1e+06,0,0,15,0.5,2,1000,1000,2
"article_0_3_0_3_0_473.RDa",473,0.3,0.3,1e+06,0,0,15,0.5,2,1000,1000,2
"article_0_3_0_3_0_474.RDa",474,0.3,0.3,1e+06,0,0,15,0.5,2,1000,1000,2
"article_0_3_0_3_0_475.RDa",475,0.3,0.3,1e+06,0,0,15,0.5,2,1000,1000,2
"article_0_3_0_3_0_476.RDa",476,0.3,0.3,1e+06,0,0,15,0.5,2,1000,1000,2
"article_0_3_0_3_0_477.RDa",477,0.3,0.3,1e+06,0,0,15,0.5,2,1000,1000,2
"article_0_3_0_3_0_478.RDa",478,0.3,0.3,1e+06,0,0,15,0.5,2,1000,1000,2
"article_0_3_0_3_0_479.RDa",479,0.3,0.3,1e+06,0,0,15,0.5,2,1000,1000,2
"article_0_3_0_3_1_480.RDa",480,0.3,0.3,1e+06,0,0,15,0.5,2,10000,1000,2
"article_0_3_0_3_1_481.RDa",481,0.3,0.3,1e+06,0,0,15,0.5,2,10000,1000,2
"article_0_3_0_3_1_482.RDa",482,0.3,0.3,1e+06,0,0,15,0.5,2,10000,1000,2
"article_0_3_0_3_1_483.RDa",483,0.3,0.3,1e+06,0,0,15,0.5,2,10000,1000,2
"article_0_3_0_3_1_484.RDa",484,0.3,0.3,1e+06,0,0,15,0.5,2,10000,1000,2
"article_0_3_0_3_1_485.RDa",485,0.3,0.3,1e+06,0,0,15,0.5,2,10000,1000,2
"article_0_3_0_3_1_486.RDa",486,0.3,0.3,1e+06,0,0,15,0.5,2,10000,1000,2
"article_0_3_0_3_1_487.RDa",487,0.3,0.3,1e+06,0,0,15,0.5,2,10000,1000,2
"article_0_3_0_3_1_488.RDa",488,0.3,0.3,1e+06,0,0,15,0.5,2,10000,1000,2
"article_0_3_0_3_1_489.RDa",489,0.3,0.3,1e+06,0,0,15,0.5,2,10000,1000,2
"article_0_3_0_3_1_490.RDa",490,0.3,0.3,1e+06,0,0,15,0.5,2,10000,1000,2
"article_0_3_0_3_1_491.RDa",491,0.3,0.3,1e+06,0,0,15,0.5,2,10000,1000,2
"article_0_3_0_3_1_492.RDa",492,0.3,0.3,1e+06,0,0,15,0.5,2,10000,1000,2
"article_0_3_0_3_1_493.RDa",493,0.3,0.3,1e+06,0,0,15,0.5,2,10000,1000,2
"article_0_3_0_3_1_494.RDa",494,0.3,0.3,1e+06,0,0,15,0.5,2,10000,1000,2
"article_0_3_0_3_1_495.RDa",495,0.3,0.3,1e+06,0,0,15,0.5,2,10000,1000,2
"article_0_3_0_3_1_496.RDa",496,0.3,0.3,1e+06,0,0,15,0.5,2,10000,1000,2
"article_0_3_0_3_1_497.RDa",497,0.3,0.3,1e+06,0,0,15,0.5,2,10000,1000,2
"article_0_3_0_3_1_498.RDa",498,0.3,0.3,1e+06,0,0,15,0.5,2,10000,1000,2
"article_0_3_0_3_1_499.RDa",499,0.3,0.3,1e+06,0,0,15,0.5,2,10000,1000,2
"article_0_3_1_3_0_500.RDa",500,0.3,0.3,1e+06,0.1,0.1,15,0.5,2,1000,1000,2
"article_0_3_1_3_0_501.RDa",501,0.3,0.3,1e+06,0.1,0.1,15,0.5,2,1000,1000,2
"article_0_3_1_3_0_502.RDa",502,0.3,0.3,1e+06,0.1,0.1,15,0.5,2,1000,1000,2
"article_0_3_1_3_0_503.RDa",503,0.3,0.3,1e+06,0.1,0.1,15,0.5,2,1000,1000,2
"article_0_3_1_3_0_504.RDa",504,0.3,0.3,1e+06,0.1,0.1,15,0.5,2,1000,1000,2
"article_0_3_1_3_0_505.RDa",505,0.3,0.3,1e+06,0.1,0.1,15,0.5,2,1000,1000,2
"article_0_3_1_3_0_506.RDa",506,0.3,0.3,1e+06,0.1,0.1,15,0.5,2,1000,1000,2
"article_0_3_1_3_0_507.RDa",507,0.3,0.3,1e+06,0.1,0.1,15,0.5,2,1000,1000,2
"article_0_3_1_3_0_508.RDa",508,0.3,0.3,1e+06,0.1,0.1,15,0.5,2,1000,1000,2
"article_0_3_1_3_0_509.RDa",509,0.3,0.3,1e+06,0.1,0.1,15,0.5,2,1000,1000,2
"article_0_3_1_3_0_510.RDa",510,0.3,0.3,1e+06,0.1,0.1,15,0.5,2,1000,1000,2
"article_0_3_1_3_0_511.RDa",511,0.3,0.3,1e+06,0.1,0.1,15,0.5,2,1000,1000,2
"article_0_3_1_3_0_512.RDa",512,0.3,0.3,1e+06,0.1,0.1,15,0.5,2,1000,1000,2
"article_0_3_1_3_0_513.RDa",513,0.3,0.3,1e+06,0.1,0.1,15,0.5,2,1000,1000,2
"article_0_3_1_3_0_514.RDa",514,0.3,0.3,1e+06,0.1,0.1,15,0.5,2,1000,1000,2
"article_0_3_1_3_0_515.RDa",515,0.3,0.3,1e+06,0.1,0.1,15,0.5,2,1000,1000,2
"article_0_3_1_3_0_516.RDa",516,0.3,0.3,1e+06,0.1,0.1,15,0.5,2,1000,1000,2
"article_0_3_1_3_0_517.RDa",517,0.3,0.3,1e+06,0.1,0.1,15,0.5,2,1000,1000,2
"article_0_3_1_3_0_518.RDa",518,0.3,0.3,1e+06,0.1,0.1,15,0.5,2,1000,1000,2
"article_0_3_1_3_0_519.RDa",519,0.3,0.3,1e+06,0.1,0.1,15,0.5,2,1000,1000,2
"article_0_3_1_3_1_520.RDa",520,0.3,0.3,1e+06,0.1,0.1,15,0.5,2,10000,1000,2
"article_0_3_1_3_1_521.RDa",521,0.3,0.3,1e+06,0.1,0.1,15,0.5,2,10000,1000,2
"article_0_3_1_3_1_522.RDa",522,0.3,0.3,1e+06,0.1,0.1,15,0.5,2,10000,1000,2
"article_0_3_1_3_1_523.RDa",523,0.3,0.3,1e+06,0.1,0.1,15,0.5,2,10000,1000,2
"article_0_3_1_3_1_524.RDa",524,0.3,0.3,1e+06,0.1,0.1,15,0.5,2,10000,1000,2
"article_0_3_1_3_1_525.RDa",525,0.3,0.3,1e+06,0.1,0.1,15,0.5,2,10000,1000,2
"article_0_3_1_3_1_526.RDa",526,0.3,0.3,1e+06,0.1,0.1,15,0.5,2,10000,1000,2
"article_0_3_1_3_1_527.RDa",527,0.3,0.3,1e+06,0.1,0.1,15,0.5,2,10000,1000,2
"article_0_3_1_3_1_528.RDa",528,0.3,0.3,1e+06,0.1,0.1,15,0.5,2,10000,1000,2
"article_0_3_1_3_1_529.RDa",529,0.3,0.3,1e+06,0.1,0.1,15,0.5,2,10000,1000,2
"article_0_3_1_3_1_530.RDa",530,0.3,0.3,1e+06,0.1,0.1,15,0.5,2,10000,1000,2
"article_0_3_1_3_1_531.RDa",531,0.3,0.3,1e+06,0.1,0.1,15,0.5,2,10000,1000,2
"article_0_3_1_3_1_532.RDa",532,0.3,0.3,1e+06,0.1,0.1,15,0.5,2,10000,1000,2
"article_0_3_1_3_1_533.RDa",533,0.3,0.3,1e+06,0.1,0.1,15,0.5,2,10000,1000,2
"article_0_3_1_3_1_534.RDa",534,0.3,0.3,1e+06,0.1,0.1,15,0.5,2,10000,1000,2
"article_0_3_1_3_1_535.RDa",535,0.3,0.3,1e+06,0.1,0.1,15,0.5,2,10000,1000,2
"article_0_3_1_3_1_536.RDa",536,0.3,0.3,1e+06,0.1,0.1,15,0.5,2,10000,1000,2
"article_0_3_1_3_1_537.RDa",537,0.3,0.3,1e+06,0.1,0.1,15,0.5,2,10000,1000,2
"article_0_3_1_3_1_538.RDa",538,0.3,0.3,1e+06,0.1,0.1,15,0.5,2,10000,1000,2
"article_0_3_1_3_1_539.RDa",539,0.3,0.3,1e+06,0.1,0.1,15,0.5,2,10000,1000,2
"article_0_3_2_3_0_540.RDa",540,0.3,0.3,1e+06,0.2,0.2,15,0.5,2,1000,1000,2
"article_0_3_2_3_0_541.RDa",541,0.3,0.3,1e+06,0.2,0.2,15,0.5,2,1000,1000,2
"article_0_3_2_3_0_542.RDa",542,0.3,0.3,1e+06,0.2,0.2,15,0.5,2,1000,1000,2
"article_0_3_2_3_0_543.RDa",543,0.3,0.3,1e+06,0.2,0.2,15,0.5,2,1000,1000,2
"article_0_3_2_3_0_544.RDa",544,0.3,0.3,1e+06,0.2,0.2,15,0.5,2,1000,1000,2
"article_0_3_2_3_0_545.RDa",545,0.3,0.3,1e+06,0.2,0.2,15,0.5,2,1000,1000,2
"article_0_3_2_3_0_546.RDa",546,0.3,0.3,1e+06,0.2,0.2,15,0.5,2,1000,1000,2
"article_0_3_2_3_0_547.RDa",547,0.3,0.3,1e+06,0.2,0.2,15,0.5,2,1000,1000,2
"article_0_3_2_3_0_548.RDa",548,0.3,0.3,1e+06,0.2,0.2,15,0.5,2,1000,1000,2
"article_0_3_2_3_0_549.RDa",549,0.3,0.3,1e+06,0.2,0.2,15,0.5,2,1000,1000,2
"article_0_3_2_3_0_550.RDa",550,0.3,0.3,1e+06,0.2,0.2,15,0.5,2,1000,1000,2
"article_0_3_2_3_0_551.RDa",551,0.3,0.3,1e+06,0.2,0.2,15,0.5,2,1000,1000,2
"article_0_3_2_3_0_552.RDa",552,0.3,0.3,1e+06,0.2,0.2,15,0.5,2,1000,1000,2
"article_0_3_2_3_0_553.RDa",553,0.3,0.3,1e+06,0.2,0.2,15,0.5,2,1000,1000,2
"article_0_3_2_3_0_554.RDa",554,0.3,0.3,1e+06,0.2,0.2,15,0.5,2,1000,1000,2
"article_0_3_2_3_0_555.RDa",555,0.3,0.3,1e+06,0.2,0.2,15,0.5,2,1000,1000,2
"article_0_3_2_3_0_556.RDa",556,0.3,0.3,1e+06,0.2,0.2,15,0.5,2,1000,1000,2
"article_0_3_2_3_0_557.RDa",557,0.3,0.3,1e+06,0.2,0.2,15,0.5,2,1000,1000,2
"article_0_3_2_3_0_558.RDa",558,0.3,0.3,1e+06,0.2,0.2,15,0.5,2,1000,1000,2
"article_0_3_2_3_0_559.RDa",559,0.3,0.3,1e+06,0.2,0.2,15,0.5,2,1000,1000,2
"article_0_3_2_3_1_560.RDa",560,0.3,0.3,1e+06,0.2,0.2,15,0.5,2,10000,1000,2
"article_0_3_2_3_1_561.RDa",561,0.3,0.3,1e+06,0.2,0.2,15,0.5,2,10000,1000,2
"article_0_3_2_3_1_562.RDa",562,0.3,0.3,1e+06,0.2,0.2,15,0.5,2,10000,1000,2
"article_0_3_2_3_1_563.RDa",563,0.3,0.3,1e+06,0.2,0.2,15,0.5,2,10000,1000,2
"article_0_3_2_3_1_564.RDa",564,0.3,0.3,1e+06,0.2,0.2,15,0.5,2,10000,1000,2
"article_0_3_2_3_1_565.RDa",565,0.3,0.3,1e+06,0.2,0.2,15,0.5,2,10000,1000,2
"article_0_3_2_3_1_566.RDa",566,0.3,0.3,1e+06,0.2,0.2,15,0.5,2,10000,1000,2
"article_0_3_2_3_1_567.RDa",567,0.3,0.3,1e+06,0.2,0.2,15,0.5,2,10000,1000,2
"article_0_3_2_3_1_568.RDa",568,0.3,0.3,1e+06,0.2,0.2,15,0.5,2,10000,1000,2
"article_0_3_2_3_1_569.RDa",569,0.3,0.3,1e+06,0.2,0.2,15,0.5,2,10000,1000,2
"article_0_3_2_3_1_570.RDa",570,0.3,0.3,1e+06,0.2,0.2,15,0.5,2,10000,1000,2
"article_0_3_2_3_1_571.RDa",571,0.3,0.3,1e+06,0.2,0.2,15,0.5,2,10000,1000,2
"article_0_3_2_3_1_572.RDa",572,0.3,0.3,1e+06,0.2,0.2,15,0.5,2,10000,1000,2
"article_0_3_2_3_1_573.RDa",573,0.3,0.3,1e+06,0.2,0.2,15,0.5,2,10000,1000,2
"article_0_3_2_3_1_574.RDa",574,0.3,0.3,1e+06,0.2,0.2,15,0.5,2,10000,1000,2
"article_0_3_2_3_1_575.RDa",575,0.3,0.3,1e+06,0.2,0.2,15,0.5,2,10000,1000,2
"article_0_3_2_3_1_576.RDa",576,0.3,0.3,1e+06,0.2,0.2,15,0.5,2,10000,1000,2
"article_0_3_2_3_1_577.RDa",577,0.3,0.3,1e+06,0.2,0.2,15,0.5,2,10000,1000,2
"article_0_3_2_3_1_578.RDa",578,0.3,0.3,1e+06,0.2,0.2,15,0.5,2,10000,1000,2
"article_0_3_2_3_1_579.RDa",579,0.3,0.3,1e+06,0.2,0.2,15,0.5,2,10000,1000,2
"article_1_0_0_3_0_580.RDa",580,0.5,0.5,0.1,0,0,15,0.5,2,1000,1000,2
"article_1_0_0_3_0_581.RDa",581,0.5,0.5,0.1,0,0,15,0.5,2,1000,1000,2
"article_1_0_0_3_0_582.RDa",582,0.5,0.5,0.1,0,0,15,0.5,2,1000,1000,2
"article_1_0_0_3_0_583.RDa",583,0.5,0.5,0.1,0,0,15,0.5,2,1000,1000,2
"article_1_0_0_3_0_584.RDa",584,0.5,0.5,0.1,0,0,15,0.5,2,1000,1000,2
"article_1_0_0_3_0_585.RDa",585,0.5,0.5,0.1,0,0,15,0.5,2,1000,1000,2
"article_1_0_0_3_0_586.RDa",586,0.5,0.5,0.1,0,0,15,0.5,2,1000,1000,2
"article_1_0_0_3_0_587.RDa",587,0.5,0.5,0.1,0,0,15,0.5,2,1000,1000,2
"article_1_0_0_3_0_588.RDa",588,0.5,0.5,0.1,0,0,15,0.5,2,1000,1000,2
"article_1_0_0_3_0_589.RDa",589,0.5,0.5,0.1,0,0,15,0.5,2,1000,1000,2
"article_1_0_0_3_0_590.RDa",590,0.5,0.5,0.1,0,0,15,0.5,2,1000,1000,2
"article_1_0_0_3_0_591.RDa",591,0.5,0.5,0.1,0,0,15,0.5,2,1000,1000,2
"article_1_0_0_3_0_592.RDa",592,0.5,0.5,0.1,0,0,15,0.5,2,1000,1000,2
"article_1_0_0_3_0_593.RDa",593,0.5,0.5,0.1,0,0,15,0.5,2,1000,1000,2
"article_1_0_0_3_0_594.RDa",594,0.5,0.5,0.1,0,0,15,0.5,2,1000,1000,2
"article_1_0_0_3_0_595.RDa",595,0.5,0.5,0.1,0,0,15,0.5,2,1000,1000,2
"article_1_0_0_3_0_596.RDa",596,0.5,0.5,0.1,0,0,15,0.5,2,1000,1000,2
"article_1_0_0_3_0_597.RDa",597,0.5,0.5,0.1,0,0,15,0.5,2,1000,1000,2
"article_1_0_0_3_0_598.RDa",598,0.5,0.5,0.1,0,0,15,0.5,2,1000,1000,2
"article_1_0_0_3_0_599.RDa",599,0.5,0.5,0.1,0,0,15,0.5,2,1000,1000,2
"article_1_0_0_3_1_600.RDa",600,0.5,0.5,0.1,0,0,15,0.5,2,10000,1000,2
"article_1_0_0_3_1_601.RDa",601,0.5,0.5,0.1,0,0,15,0.5,2,10000,1000,2
"article_1_0_0_3_1_602.RDa",602,0.5,0.5,0.1,0,0,15,0.5,2,10000,1000,2
"article_1_0_0_3_1_603.RDa",603,0.5,0.5,0.1,0,0,15,0.5,2,10000,1000,2
"article_1_0_0_3_1_604.RDa",604,0.5,0.5,0.1,0,0,15,0.5,2,10000,1000,2
"article_1_0_0_3_1_605.RDa",605,0.5,0.5,0.1,0,0,15,0.5,2,10000,1000,2
"article_1_0_0_3_1_606.RDa",606,0.5,0.5,0.1,0,0,15,0.5,2,10000,1000,2
"article_1_0_0_3_1_607.RDa",607,0.5,0.5,0.1,0,0,15,0.5,2,10000,1000,2
"article_1_0_0_3_1_608.RDa",608,0.5,0.5,0.1,0,0,15,0.5,2,10000,1000,2
"article_1_0_0_3_1_609.RDa",609,0.5,0.5,0.1,0,0,15,0.5,2,10000,1000,2
"article_1_0_0_3_1_610.RDa",610,0.5,0.5,0.1,0,0,15,0.5,2,10000,1000,2
"article_1_0_0_3_1_611.RDa",611,0.5,0.5,0.1,0,0,15,0.5,2,10000,1000,2
"article_1_0_0_3_1_612.RDa",612,0.5,0.5,0.1,0,0,15,0.5,2,10000,1000,2
"article_1_0_0_3_1_613.RDa",613,0.5,0.5,0.1,0,0,15,0.5,2,10000,1000,2
"article_1_0_0_3_1_614.RDa",614,0.5,0.5,0.1,0,0,15,0.5,2,10000,1000,2
"article_1_0_0_3_1_615.RDa",615,0.5,0.5,0.1,0,0,15,0.5,2,10000,1000,2
"article_1_0_0_3_1_616.RDa",616,0.5,0.5,0.1,0,0,15,0.5,2,10000,1000,2
"article_1_0_0_3_1_617.RDa",617,0.5,0.5,0.1,0,0,15,0.5,2,10000,1000,2
"article_1_0_0_3_1_618.RDa",618,0.5,0.5,0.1,0,0,15,0.5,2,10000,1000,2
"article_1_0_0_3_1_619.RDa",619,0.5,0.5,0.1,0,0,15,0.5,2,10000,1000,2
"article_1_0_1_3_0_620.RDa",620,0.5,0.5,0.1,0.1,0.1,15,0.5,2,1000,1000,2
"article_1_0_1_3_0_621.RDa",621,0.5,0.5,0.1,0.1,0.1,15,0.5,2,1000,1000,2
"article_1_0_1_3_0_622.RDa",622,0.5,0.5,0.1,0.1,0.1,15,0.5,2,1000,1000,2
"article_1_0_1_3_0_623.RDa",623,0.5,0.5,0.1,0.1,0.1,15,0.5,2,1000,1000,2
"article_1_0_1_3_0_624.RDa",624,0.5,0.5,0.1,0.1,0.1,15,0.5,2,1000,1000,2
"article_1_0_1_3_0_625.RDa",625,0.5,0.5,0.1,0.1,0.1,15,0.5,2,1000,1000,2
"article_1_0_1_3_0_626.RDa",626,0.5,0.5,0.1,0.1,0.1,15,0.5,2,1000,1000,2
"article_1_0_1_3_0_627.RDa",627,0.5,0.5,0.1,0.1,0.1,15,0.5,2,1000,1000,2
"article_1_0_1_3_0_628.RDa",628,0.5,0.5,0.1,0.1,0.1,15,0.5,2,1000,1000,2
"article_1_0_1_3_0_629.RDa",629,0.5,0.5,0.1,0.1,0.1,15,0.5,2,1000,1000,2
"article_1_0_1_3_0_630.RDa",630,0.5,0.5,0.1,0.1,0.1,15,0.5,2,1000,1000,2
"article_1_0_1_3_0_631.RDa",631,0.5,0.5,0.1,0.1,0.1,15,0.5,2,1000,1000,2
"article_1_0_1_3_0_632.RDa",632,0.5,0.5,0.1,0.1,0.1,15,0.5,2,1000,1000,2
"article_1_0_1_3_0_633.RDa",633,0.5,0.5,0.1,0.1,0.1,15,0.5,2,1000,1000,2
"article_1_0_1_3_0_634.RDa",634,0.5,0.5,0.1,0.1,0.1,15,0.5,2,1000,1000,2
"article_1_0_1_3_0_635.RDa",635,0.5,0.5,0.1,0.1,0.1,15,0.5,2,1000,1000,2
"article_1_0_1_3_0_636.RDa",636,0.5,0.5,0.1,0.1,0.1,15,0.5,2,1000,1000,2
"article_1_0_1_3_0_637.RDa",637,0.5,0.5,0.1,0.1,0.1,15,0.5,2,1000,1000,2
"article_1_0_1_3_0_638.RDa",638,0.5,0.5,0.1,0.1,0.1,15,0.5,2,1000,1000,2
"article_1_0_1_3_0_639.RDa",639,0.5,0.5,0.1,0.1,0.1,15,0.5,2,1000,1000,2
"article_1_0_1_3_1_640.RDa",640,0.5,0.5,0.1,0.1,0.1,15,0.5,2,10000,1000,2
"article_1_0_1_3_1_641.RDa",641,0.5,0.5,0.1,0.1,0.1,15,0.5,2,10000,1000,2
"article_1_0_1_3_1_642.RDa",642,0.5,0.5,0.1,0.1,0.1,15,0.5,2,10000,1000,2
"article_1_0_1_3_1_643.RDa",643,0.5,0.5,0.1,0.1,0.1,15,0.5,2,10000,1000,2
"article_1_0_1_3_1_644.RDa",644,0.5,0.5,0.1,0.1,0.1,15,0.5,2,10000,1000,2
"article_1_0_1_3_1_645.RDa",645,0.5,0.5,0.1,0.1,0.1,15,0.5,2,10000,1000,2
"article_1_0_1_3_1_646.RDa",646,0.5,0.5,0.1,0.1,0.1,15,0.5,2,10000,1000,2
"article_1_0_1_3_1_647.RDa",647,0.5,0.5,0.1,0.1,0.1,15,0.5,2,10000,1000,2
"article_1_0_1_3_1_648.RDa",648,0.5,0.5,0.1,0.1,0.1,15,0.5,2,10000,1000,2
"article_1_0_1_3_1_649.RDa",649,0.5,0.5,0.1,0.1,0.1,15,0.5,2,10000,1000,2
"article_1_0_1_3_1_650.RDa",650,0.5,0.5,0.1,0.1,0.1,15,0.5,2,10000,1000,2
"article_1_0_1_3_1_651.RDa",651,0.5,0.5,0.1,0.1,0.1,15,0.5,2,10000,1000,2
"article_1_0_1_3_1_652.RDa",652,0.5,0.5,0.1,0.1,0.1,15,0.5,2,10000,1000,2
"article_1_0_1_3_1_653.RDa",653,0.5,0.5,0.1,0.1,0.1,15,0.5,2,10000,1000,2
"article_1_0_1_3_1_654.RDa",654,0.5,0.5,0.1,0.1,0.1,15,0.5,2,10000,1000,2
"article_1_0_1_3_1_655.RDa",655,0.5,0.5,0.1,0.1,0.1,15,0.5,2,10000,1000,2
"article_1_0_1_3_1_656.RDa",656,0.5,0.5,0.1,0.1,0.1,15,0.5,2,10000,1000,2
"article_1_0_1_3_1_657.RDa",657,0.5,0.5,0.1,0.1,0.1,15,0.5,2,10000,1000,2
"article_1_0_1_3_1_658.RDa",658,0.5,0.5,0.1,0.1,0.1,15,0.5,2,10000,1000,2
"article_1_0_1_3_1_659.RDa",659,0.5,0.5,0.1,0.1,0.1,15,0.5,2,10000,1000,2
"article_1_0_2_3_0_660.RDa",660,0.5,0.5,0.1,0.2,0.2,15,0.5,2,1000,1000,2
"article_1_0_2_3_0_661.RDa",661,0.5,0.5,0.1,0.2,0.2,15,0.5,2,1000,1000,2
"article_1_0_2_3_0_662.RDa",662,0.5,0.5,0.1,0.2,0.2,15,0.5,2,1000,1000,2
"article_1_0_2_3_0_663.RDa",663,0.5,0.5,0.1,0.2,0.2,15,0.5,2,1000,1000,2
"article_1_0_2_3_0_664.RDa",664,0.5,0.5,0.1,0.2,0.2,15,0.5,2,1000,1000,2
"article_1_0_2_3_0_665.RDa",665,0.5,0.5,0.1,0.2,0.2,15,0.5,2,1000,1000,2
"article_1_0_2_3_0_666.RDa",666,0.5,0.5,0.1,0.2,0.2,15,0.5,2,1000,1000,2
"article_1_0_2_3_0_667.RDa",667,0.5,0.5,0.1,0.2,0.2,15,0.5,2,1000,1000,2
"article_1_0_2_3_0_668.RDa",668,0.5,0.5,0.1,0.2,0.2,15,0.5,2,1000,1000,2
"article_1_0_2_3_0_669.RDa",669,0.5,0.5,0.1,0.2,0.2,15,0.5,2,1000,1000,2
"article_1_0_2_3_0_670.RDa",670,0.5,0.5,0.1,0.2,0.2,15,0.5,2,1000,1000,2
"article_1_0_2_3_0_671.RDa",671,0.5,0.5,0.1,0.2,0.2,15,0.5,2,1000,1000,2
"article_1_0_2_3_0_672.RDa",672,0.5,0.5,0.1,0.2,0.2,15,0.5,2,1000,1000,2
"article_1_0_2_3_0_673.RDa",673,0.5,0.5,0.1,0.2,0.2,15,0.5,2,1000,1000,2
"article_1_0_2_3_0_674.RDa",674,0.5,0.5,0.1,0.2,0.2,15,0.5,2,1000,1000,2
"article_1_0_2_3_0_675.RDa",675,0.5,0.5,0.1,0.2,0.2,15,0.5,2,1000,1000,2
"article_1_0_2_3_0_676.RDa",676,0.5,0.5,0.1,0.2,0.2,15,0.5,2,1000,1000,2
"article_1_0_2_3_0_677.RDa",677,0.5,0.5,0.1,0.2,0.2,15,0.5,2,1000,1000,2
"article_1_0_2_3_0_678.RDa",678,0.5,0.5,0.1,0.2,0.2,15,0.5,2,1000,1000,2
"article_1_0_2_3_0_679.RDa",679,0.5,0.5,0.1,0.2,0.2,15,0.5,2,1000,1000,2
"article_1_0_2_3_1_680.RDa",680,0.5,0.5,0.1,0.2,0.2,15,0.5,2,10000,1000,2
"article_1_0_2_3_1_681.RDa",681,0.5,0.5,0.1,0.2,0.2,15,0.5,2,10000,1000,2
"article_1_0_2_3_1_682.RDa",682,0.5,0.5,0.1,0.2,0.2,15,0.5,2,10000,1000,2
"article_1_0_2_3_1_683.RDa",683,0.5,0.5,0.1,0.2,0.2,15,0.5,2,10000,1000,2
"article_1_0_2_3_1_684.RDa",684,0.5,0.5,0.1,0.2,0.2,15,0.5,2,10000,1000,2
"article_1_0_2_3_1_685.RDa",685,0.5,0.5,0.1,0.2,0.2,15,0.5,2,10000,1000,2
"article_1_0_2_3_1_686.RDa",686,0.5,0.5,0.1,0.2,0.2,15,0.5,2,10000,1000,2
"article_1_0_2_3_1_687.RDa",687,0.5,0.5,0.1,0.2,0.2,15,0.5,2,10000,1000,2
"article_1_0_2_3_1_688.RDa",688,0.5,0.5,0.1,0.2,0.2,15,0.5,2,10000,1000,2
"article_1_0_2_3_1_689.RDa",689,0.5,0.5,0.1,0.2,0.2,15,0.5,2,10000,1000,2
"article_1_0_2_3_1_690.RDa",690,0.5,0.5,0.1,0.2,0.2,15,0.5,2,10000,1000,2
"article_1_0_2_3_1_691.RDa",691,0.5,0.5,0.1,0.2,0.2,15,0.5,2,10000,1000,2
"article_1_0_2_3_1_692.RDa",692,0.5,0.5,0.1,0.2,0.2,15,0.5,2,10000,1000,2
"article_1_0_2_3_1_693.RDa",693,0.5,0.5,0.1,0.2,0.2,15,0.5,2,10000,1000,2
"article_1_0_2_3_1_694.RDa",694,0.5,0.5,0.1,0.2,0.2,15,0.5,2,10000,1000,2
"article_1_0_2_3_1_695.RDa",695,0.5,0.5,0.1,0.2,0.2,15,0.5,2,10000,1000,2
"article_1_0_2_3_1_696.RDa",696,0.5,0.5,0.1,0.2,0.2,15,0.5,2,10000,1000,2
"article_1_0_2_3_1_697.RDa",697,0.5,0.5,0.1,0.2,0.2,15,0.5,2,10000,1000,2
"article_1_0_2_3_1_698.RDa",698,0.5,0.5,0.1,0.2,0.2,15,0.5,2,10000,1000,2
"article_1_0_2_3_1_699.RDa",699,0.5,0.5,0.1,0.2,0.2,15,0.5,2,10000,1000,2
"article_1_1_0_3_0_700.RDa",700,0.5,0.5,0.3,0,0,15,0.5,2,1000,1000,2
"article_1_1_0_3_0_701.RDa",701,0.5,0.5,0.3,0,0,15,0.5,2,1000,1000,2
"article_1_1_0_3_0_702.RDa",702,0.5,0.5,0.3,0,0,15,0.5,2,1000,1000,2
"article_1_1_0_3_0_703.RDa",703,0.5,0.5,0.3,0,0,15,0.5,2,1000,1000,2
"article_1_1_0_3_0_704.RDa",704,0.5,0.5,0.3,0,0,15,0.5,2,1000,1000,2
"article_1_1_0_3_0_705.RDa",705,0.5,0.5,0.3,0,0,15,0.5,2,1000,1000,2
"article_1_1_0_3_0_706.RDa",706,0.5,0.5,0.3,0,0,15,0.5,2,1000,1000,2
"article_1_1_0_3_0_707.RDa",707,0.5,0.5,0.3,0,0,15,0.5,2,1000,1000,2
"article_1_1_0_3_0_708.RDa",708,0.5,0.5,0.3,0,0,15,0.5,2,1000,1000,2
"article_1_1_0_3_0_709.RDa",709,0.5,0.5,0.3,0,0,15,0.5,2,1000,1000,2
"article_1_1_0_3_0_710.RDa",710,0.5,0.5,0.3,0,0,15,0.5,2,1000,1000,2
"article_1_1_0_3_0_711.RDa",711,0.5,0.5,0.3,0,0,15,0.5,2,1000,1000,2
"article_1_1_0_3_0_712.RDa",712,0.5,0.5,0.3,0,0,15,0.5,2,1000,1000,2
"article_1_1_0_3_0_713.RDa",713,0.5,0.5,0.3,0,0,15,0.5,2,1000,1000,2
"article_1_1_0_3_0_714.RDa",714,0.5,0.5,0.3,0,0,15,0.5,2,1000,1000,2
"article_1_1_0_3_0_715.RDa",715,0.5,0.5,0.3,0,0,15,0.5,2,1000,1000,2
"article_1_1_0_3_0_716.RDa",716,0.5,0.5,0.3,0,0,15,0.5,2,1000,1000,2
"article_1_1_0_3_0_717.RDa",717,0.5,0.5,0.3,0,0,15,0.5,2,1000,1000,2
"article_1_1_0_3_0_718.RDa",718,0.5,0.5,0.3,0,0,15,0.5,2,1000,1000,2
"article_1_1_0_3_0_719.RDa",719,0.5,0.5,0.3,0,0,15,0.5,2,1000,1000,2
"article_1_1_0_3_1_720.RDa",720,0.5,0.5,0.3,0,0,15,0.5,2,10000,1000,2
"article_1_1_0_3_1_721.RDa",721,0.5,0.5,0.3,0,0,15,0.5,2,10000,1000,2
"article_1_1_0_3_1_722.RDa",722,0.5,0.5,0.3,0,0,15,0.5,2,10000,1000,2
"article_1_1_0_3_1_723.RDa",723,0.5,0.5,0.3,0,0,15,0.5,2,10000,1000,2
"article_1_1_0_3_1_724.RDa",724,0.5,0.5,0.3,0,0,15,0.5,2,10000,1000,2
"article_1_1_0_3_1_725.RDa",725,0.5,0.5,0.3,0,0,15,0.5,2,10000,1000,2
"article_1_1_0_3_1_726.RDa",726,0.5,0.5,0.3,0,0,15,0.5,2,10000,1000,2
"article_1_1_0_3_1_727.RDa",727,0.5,0.5,0.3,0,0,15,0.5,2,10000,1000,2
"article_1_1_0_3_1_728.RDa",728,0.5,0.5,0.3,0,0,15,0.5,2,10000,1000,2
"article_1_1_0_3_1_729.RDa",729,0.5,0.5,0.3,0,0,15,0.5,2,10000,1000,2
"article_1_1_0_3_1_730.RDa",730,0.5,0.5,0.3,0,0,15,0.5,2,10000,1000,2
"article_1_1_0_3_1_731.RDa",731,0.5,0.5,0.3,0,0,15,0.5,2,10000,1000,2
"article_1_1_0_3_1_732.RDa",732,0.5,0.5,0.3,0,0,15,0.5,2,10000,1000,2
"article_1_1_0_3_1_733.RDa",733,0.5,0.5,0.3,0,0,15,0.5,2,10000,1000,2
"article_1_1_0_3_1_734.RDa",734,0.5,0.5,0.3,0,0,15,0.5,2,10000,1000,2
"article_1_1_0_3_1_735.RDa",735,0.5,0.5,0.3,0,0,15,0.5,2,10000,1000,2
"article_1_1_0_3_1_736.RDa",736,0.5,0.5,0.3,0,0,15,0.5,2,10000,1000,2
"article_1_1_0_3_1_737.RDa",737,0.5,0.5,0.3,0,0,15,0.5,2,10000,1000,2
"article_1_1_0_3_1_738.RDa",738,0.5,0.5,0.3,0,0,15,0.5,2,10000,1000,2
"article_1_1_0_3_1_739.RDa",739,0.5,0.5,0.3,0,0,15,0.5,2,10000,1000,2
"article_1_1_1_3_0_740.RDa",740,0.5,0.5,0.3,0.1,0.1,15,0.5,2,1000,1000,2
"article_1_1_1_3_0_741.RDa",741,0.5,0.5,0.3,0.1,0.1,15,0.5,2,1000,1000,2
"article_1_1_1_3_0_742.RDa",742,0.5,0.5,0.3,0.1,0.1,15,0.5,2,1000,1000,2
"article_1_1_1_3_0_743.RDa",743,0.5,0.5,0.3,0.1,0.1,15,0.5,2,1000,1000,2
"article_1_1_1_3_0_744.RDa",744,0.5,0.5,0.3,0.1,0.1,15,0.5,2,1000,1000,2
"article_1_1_1_3_0_745.RDa",745,0.5,0.5,0.3,0.1,0.1,15,0.5,2,1000,1000,2
"article_1_1_1_3_0_746.RDa",746,0.5,0.5,0.3,0.1,0.1,15,0.5,2,1000,1000,2
"article_1_1_1_3_0_747.RDa",747,0.5,0.5,0.3,0.1,0.1,15,0.5,2,1000,1000,2
"article_1_1_1_3_0_748.RDa",748,0.5,0.5,0.3,0.1,0.1,15,0.5,2,1000,1000,2
"article_1_1_1_3_0_749.RDa",749,0.5,0.5,0.3,0.1,0.1,15,0.5,2,1000,1000,2
"article_1_1_1_3_0_750.RDa",750,0.5,0.5,0.3,0.1,0.1,15,0.5,2,1000,1000,2
"article_1_1_1_3_0_751.RDa",751,0.5,0.5,0.3,0.1,0.1,15,0.5,2,1000,1000,2
"article_1_1_1_3_0_752.RDa",752,0.5,0.5,0.3,0.1,0.1,15,0.5,2,1000,1000,2
"article_1_1_1_3_0_753.RDa",753,0.5,0.5,0.3,0.1,0.1,15,0.5,2,1000,1000,2
"article_1_1_1_3_0_754.RDa",754,0.5,0.5,0.3,0.1,0.1,15,0.5,2,1000,1000,2
"article_1_1_1_3_0_755.RDa",755,0.5,0.5,0.3,0.1,0.1,15,0.5,2,1000,1000,2
"article_1_1_1_3_0_756.RDa",756,0.5,0.5,0.3,0.1,0.1,15,0.5,2,1000,1000,2
"article_1_1_1_3_0_757.RDa",757,0.5,0.5,0.3,0.1,0.1,15,0.5,2,1000,1000,2
"article_1_1_1_3_0_758.RDa",758,0.5,0.5,0.3,0.1,0.1,15,0.5,2,1000,1000,2
"article_1_1_1_3_0_759.RDa",759,0.5,0.5,0.3,0.1,0.1,15,0.5,2,1000,1000,2
"article_1_1_1_3_1_760.RDa",760,0.5,0.5,0.3,0.1,0.1,15,0.5,2,10000,1000,2
"article_1_1_1_3_1_761.RDa",761,0.5,0.5,0.3,0.1,0.1,15,0.5,2,10000,1000,2
"article_1_1_1_3_1_762.RDa",762,0.5,0.5,0.3,0.1,0.1,15,0.5,2,10000,1000,2
"article_1_1_1_3_1_763.RDa",763,0.5,0.5,0.3,0.1,0.1,15,0.5,2,10000,1000,2
"article_1_1_1_3_1_764.RDa",764,0.5,0.5,0.3,0.1,0.1,15,0.5,2,10000,1000,2
"article_1_1_1_3_1_765.RDa",765,0.5,0.5,0.3,0.1,0.1,15,0.5,2,10000,1000,2
"article_1_1_1_3_1_766.RDa",766,0.5,0.5,0.3,0.1,0.1,15,0.5,2,10000,1000,2
"article_1_1_1_3_1_767.RDa",767,0.5,0.5,0.3,0.1,0.1,15,0.5,2,10000,1000,2
"article_1_1_1_3_1_768.RDa",768,0.5,0.5,0.3,0.1,0.1,15,0.5,2,10000,1000,2
"article_1_1_1_3_1_769.RDa",769,0.5,0.5,0.3,0.1,0.1,15,0.5,2,10000,1000,2
"article_1_1_1_3_1_770.RDa",770,0.5,0.5,0.3,0.1,0.1,15,0.5,2,10000,1000,2
"article_1_1_1_3_1_771.RDa",771,0.5,0.5,0.3,0.1,0.1,15,0.5,2,10000,1000,2
"article_1_1_1_3_1_772.RDa",772,0.5,0.5,0.3,0.1,0.1,15,0.5,2,10000,1000,2
"article_1_1_1_3_1_773.RDa",773,0.5,0.5,0.3,0.1,0.1,15,0.5,2,10000,1000,2
"article_1_1_1_3_1_774.RDa",774,0.5,0.5,0.3,0.1,0.1,15,0.5,2,10000,1000,2
"article_1_1_1_3_1_775.RDa",775,0.5,0.5,0.3,0.1,0.1,15,0.5,2,10000,1000,2
"article_1_1_1_3_1_776.RDa",776,0.5,0.5,0.3,0.1,0.1,15,0.5,2,10000,1000,2
"article_1_1_1_3_1_777.RDa",777,0.5,0.5,0.3,0.1,0.1,15,0.5,2,10000,1000,2
"article_1_1_1_3_1_778.RDa",778,0.5,0.5,0.3,0.1,0.1,15,0.5,2,10000,1000,2
"article_1_1_1_3_1_779.RDa",779,0.5,0.5,0.3,0.1,0.1,15,0.5,2,10000,1000,2
"article_1_1_2_3_0_780.RDa",780,0.5,0.5,0.3,0.2,0.2,15,0.5,2,1000,1000,2
"article_1_1_2_3_0_781.RDa",781,0.5,0.5,0.3,0.2,0.2,15,0.5,2,1000,1000,2
"article_1_1_2_3_0_782.RDa",782,0.5,0.5,0.3,0.2,0.2,15,0.5,2,1000,1000,2
"article_1_1_2_3_0_783.RDa",783,0.5,0.5,0.3,0.2,0.2,15,0.5,2,1000,1000,2
"article_1_1_2_3_0_784.RDa",784,0.5,0.5,0.3,0.2,0.2,15,0.5,2,1000,1000,2
"article_1_1_2_3_0_785.RDa",785,0.5,0.5,0.3,0.2,0.2,15,0.5,2,1000,1000,2
"article_1_1_2_3_0_786.RDa",786,0.5,0.5,0.3,0.2,0.2,15,0.5,2,1000,1000,2
"article_1_1_2_3_0_787.RDa",787,0.5,0.5,0.3,0.2,0.2,15,0.5,2,1000,1000,2
"article_1_1_2_3_0_788.RDa",788,0.5,0.5,0.3,0.2,0.2,15,0.5,2,1000,1000,2
"article_1_1_2_3_0_789.RDa",789,0.5,0.5,0.3,0.2,0.2,15,0.5,2,1000,1000,2
"article_1_1_2_3_0_790.RDa",790,0.5,0.5,0.3,0.2,0.2,15,0.5,2,1000,1000,2
"article_1_1_2_3_0_791.RDa",791,0.5,0.5,0.3,0.2,0.2,15,0.5,2,1000,1000,2
"article_1_1_2_3_0_792.RDa",792,0.5,0.5,0.3,0.2,0.2,15,0.5,2,1000,1000,2
"article_1_1_2_3_0_793.RDa",793,0.5,0.5,0.3,0.2,0.2,15,0.5,2,1000,1000,2
"article_1_1_2_3_0_794.RDa",794,0.5,0.5,0.3,0.2,0.2,15,0.5,2,1000,1000,2
"article_1_1_2_3_0_795.RDa",795,0.5,0.5,0.3,0.2,0.2,15,0.5,2,1000,1000,2
"article_1_1_2_3_0_796.RDa",796,0.5,0.5,0.3,0.2,0.2,15,0.5,2,1000,1000,2
"article_1_1_2_3_0_797.RDa",797,0.5,0.5,0.3,0.2,0.2,15,0.5,2,1000,1000,2
"article_1_1_2_3_0_798.RDa",798,0.5,0.5,0.3,0.2,0.2,15,0.5,2,1000,1000,2
"article_1_1_2_3_0_799.RDa",799,0.5,0.5,0.3,0.2,0.2,15,0.5,2,1000,1000,2
"article_1_1_2_3_1_800.RDa",800,0.5,0.5,0.3,0.2,0.2,15,0.5,2,10000,1000,2
"article_1_1_2_3_1_801.RDa",801,0.5,0.5,0.3,0.2,0.2,15,0.5,2,10000,1000,2
"article_1_1_2_3_1_802.RDa",802,0.5,0.5,0.3,0.2,0.2,15,0.5,2,10000,1000,2
"article_1_1_2_3_1_803.RDa",803,0.5,0.5,0.3,0.2,0.2,15,0.5,2,10000,1000,2
"article_1_1_2_3_1_804.RDa",804,0.5,0.5,0.3,0.2,0.2,15,0.5,2,10000,1000,2
"article_1_1_2_3_1_805.RDa",805,0.5,0.5,0.3,0.2,0.2,15,0.5,2,10000,1000,2
"article_1_1_2_3_1_806.RDa",806,0.5,0.5,0.3,0.2,0.2,15,0.5,2,10000,1000,2
"article_1_1_2_3_1_807.RDa",807,0.5,0.5,0.3,0.2,0.2,15,0.5,2,10000,1000,2
"article_1_1_2_3_1_808.RDa",808,0.5,0.5,0.3,0.2,0.2,15,0.5,2,10000,1000,2
"article_1_1_2_3_1_809.RDa",809,0.5,0.5,0.3,0.2,0.2,15,0.5,2,10000,1000,2
"article_1_1_2_3_1_810.RDa",810,0.5,0.5,0.3,0.2,0.2,15,0.5,2,10000,1000,2
"article_1_1_2_3_1_811.RDa",811,0.5,0.5,0.3,0.2,0.2,15,0.5,2,10000,1000,2
"article_1_1_2_3_1_812.RDa",812,0.5,0.5,0.3,0.2,0.2,15,0.5,2,10000,1000,2
"article_1_1_2_3_1_813.RDa",813,0.5,0.5,0.3,0.2,0.2,15,0.5,2,10000,1000,2
"article_1_1_2_3_1_814.RDa",814,0.5,0.5,0.3,0.2,0.2,15,0.5,2,10000,1000,2
"article_1_1_2_3_1_815.RDa",815,0.5,0.5,0.3,0.2,0.2,15,0.5,2,10000,1000,2
"article_1_1_2_3_1_816.RDa",816,0.5,0.5,0.3,0.2,0.2,15,0.5,2,10000,1000,2
"article_1_1_2_3_1_817.RDa",817,0.5,0.5,0.3,0.2,0.2,15,0.5,2,10000,1000,2
"article_1_1_2_3_1_818.RDa",818,0.5,0.5,0.3,0.2,0.2,15,0.5,2,10000,1000,2
"article_1_1_2_3_1_819.RDa",819,0.5,0.5,0.3,0.2,0.2,15,0.5,2,10000,1000,2
"article_1_2_0_3_0_820.RDa",820,0.5,0.5,1,0,0,15,0.5,2,1000,1000,2
"article_1_2_0_3_0_821.RDa",821,0.5,0.5,1,0,0,15,0.5,2,1000,1000,2
"article_1_2_0_3_0_822.RDa",822,0.5,0.5,1,0,0,15,0.5,2,1000,1000,2
"article_1_2_0_3_0_823.RDa",823,0.5,0.5,1,0,0,15,0.5,2,1000,1000,2
"article_1_2_0_3_0_824.RDa",824,0.5,0.5,1,0,0,15,0.5,2,1000,1000,2
"article_1_2_0_3_0_825.RDa",825,0.5,0.5,1,0,0,15,0.5,2,1000,1000,2
"article_1_2_0_3_0_826.RDa",826,0.5,0.5,1,0,0,15,0.5,2,1000,1000,2
"article_1_2_0_3_0_827.RDa",827,0.5,0.5,1,0,0,15,0.5,2,1000,1000,2
"article_1_2_0_3_0_828.RDa",828,0.5,0.5,1,0,0,15,0.5,2,1000,1000,2
"article_1_2_0_3_0_829.RDa",829,0.5,0.5,1,0,0,15,0.5,2,1000,1000,2
"article_1_2_0_3_0_830.RDa",830,0.5,0.5,1,0,0,15,0.5,2,1000,1000,2
"article_1_2_0_3_0_831.RDa",831,0.5,0.5,1,0,0,15,0.5,2,1000,1000,2
"article_1_2_0_3_0_832.RDa",832,0.5,0.5,1,0,0,15,0.5,2,1000,1000,2
"article_1_2_0_3_0_833.RDa",833,0.5,0.5,1,0,0,15,0.5,2,1000,1000,2
"article_1_2_0_3_0_834.RDa",834,0.5,0.5,1,0,0,15,0.5,2,1000,1000,2
"article_1_2_0_3_0_835.RDa",835,0.5,0.5,1,0,0,15,0.5,2,1000,1000,2
"article_1_2_0_3_0_836.RDa",836,0.5,0.5,1,0,0,15,0.5,2,1000,1000,2
"article_1_2_0_3_0_837.RDa",837,0.5,0.5,1,0,0,15,0.5,2,1000,1000,2
"article_1_2_0_3_0_838.RDa",838,0.5,0.5,1,0,0,15,0.5,2,1000,1000,2
"article_1_2_0_3_0_839.RDa",839,0.5,0.5,1,0,0,15,0.5,2,1000,1000,2
"article_1_2_0_3_1_840.RDa",840,0.5,0.5,1,0,0,15,0.5,2,10000,1000,2
"article_1_2_0_3_1_841.RDa",841,0.5,0.5,1,0,0,15,0.5,2,10000,1000,2
"article_1_2_0_3_1_842.RDa",842,0.5,0.5,1,0,0,15,0.5,2,10000,1000,2
"article_1_2_0_3_1_843.RDa",843,0.5,0.5,1,0,0,15,0.5,2,10000,1000,2
"article_1_2_0_3_1_844.RDa",844,0.5,0.5,1,0,0,15,0.5,2,10000,1000,2
"article_1_2_0_3_1_845.RDa",845,0.5,0.5,1,0,0,15,0.5,2,10000,1000,2
"article_1_2_0_3_1_846.RDa",846,0.5,0.5,1,0,0,15,0.5,2,10000,1000,2
"article_1_2_0_3_1_847.RDa",847,0.5,0.5,1,0,0,15,0.5,2,10000,1000,2
"article_1_2_0_3_1_848.RDa",848,0.5,0.5,1,0,0,15,0.5,2,10000,1000,2
"article_1_2_0_3_1_849.RDa",849,0.5,0.5,1,0,0,15,0.5,2,10000,1000,2
"article_1_2_0_3_1_850.RDa",850,0.5,0.5,1,0,0,15,0.5,2,10000,1000,2
"article_1_2_0_3_1_851.RDa",851,0.5,0.5,1,0,0,15,0.5,2,10000,1000,2
"article_1_2_0_3_1_852.RDa",852,0.5,0.5,1,0,0,15,0.5,2,10000,1000,2
"article_1_2_0_3_1_853.RDa",853,0.5,0.5,1,0,0,15,0.5,2,10000,1000,2
"article_1_2_0_3_1_854.RDa",854,0.5,0.5,1,0,0,15,0.5,2,10000,1000,2
"article_1_2_0_3_1_855.RDa",855,0.5,0.5,1,0,0,15,0.5,2,10000,1000,2
"article_1_2_0_3_1_856.RDa",856,0.5,0.5,1,0,0,15,0.5,2,10000,1000,2
"article_1_2_0_3_1_857.RDa",857,0.5,0.5,1,0,0,15,0.5,2,10000,1000,2
"article_1_2_0_3_1_858.RDa",858,0.5,0.5,1,0,0,15,0.5,2,10000,1000,2
"article_1_2_0_3_1_859.RDa",859,0.5,0.5,1,0,0,15,0.5,2,10000,1000,2
"article_1_2_1_3_0_860.RDa",860,0.5,0.5,1,0.1,0.1,15,0.5,2,1000,1000,2
"article_1_2_1_3_0_861.RDa",861,0.5,0.5,1,0.1,0.1,15,0.5,2,1000,1000,2
"article_1_2_1_3_0_862.RDa",862,0.5,0.5,1,0.1,0.1,15,0.5,2,1000,1000,2
"article_1_2_1_3_0_863.RDa",863,0.5,0.5,1,0.1,0.1,15,0.5,2,1000,1000,2
"article_1_2_1_3_0_864.RDa",864,0.5,0.5,1,0.1,0.1,15,0.5,2,1000,1000,2
"article_1_2_1_3_0_865.RDa",865,0.5,0.5,1,0.1,0.1,15,0.5,2,1000,1000,2
"article_1_2_1_3_0_866.RDa",866,0.5,0.5,1,0.1,0.1,15,0.5,2,1000,1000,2
"article_1_2_1_3_0_867.RDa",867,0.5,0.5,1,0.1,0.1,15,0.5,2,1000,1000,2
"article_1_2_1_3_0_868.RDa",868,0.5,0.5,1,0.1,0.1,15,0.5,2,1000,1000,2
"article_1_2_1_3_0_869.RDa",869,0.5,0.5,1,0.1,0.1,15,0.5,2,1000,1000,2
"article_1_2_1_3_0_870.RDa",870,0.5,0.5,1,0.1,0.1,15,0.5,2,1000,1000,2
"article_1_2_1_3_0_871.RDa",871,0.5,0.5,1,0.1,0.1,15,0.5,2,1000,1000,2
"article_1_2_1_3_0_872.RDa",872,0.5,0.5,1,0.1,0.1,15,0.5,2,1000,1000,2
"article_1_2_1_3_0_873.RDa",873,0.5,0.5,1,0.1,0.1,15,0.5,2,1000,1000,2
"article_1_2_1_3_0_874.RDa",874,0.5,0.5,1,0.1,0.1,15,0.5,2,1000,1000,2
"article_1_2_1_3_0_875.RDa",875,0.5,0.5,1,0.1,0.1,15,0.5,2,1000,1000,2
"article_1_2_1_3_0_876.RDa",876,0.5,0.5,1,0.1,0.1,15,0.5,2,1000,1000,2
"article_1_2_1_3_0_877.RDa",877,0.5,0.5,1,0.1,0.1,15,0.5,2,1000,1000,2
"article_1_2_1_3_0_878.RDa",878,0.5,0.5,1,0.1,0.1,15,0.5,2,1000,1000,2
"article_1_2_1_3_0_879.RDa",879,0.5,0.5,1,0.1,0.1,15,0.5,2,1000,1000,2
"article_1_2_1_3_1_880.RDa",880,0.5,0.5,1,0.1,0.1,15,0.5,2,10000,1000,2
"article_1_2_1_3_1_881.RDa",881,0.5,0.5,1,0.1,0.1,15,0.5,2,10000,1000,2
"article_1_2_1_3_1_882.RDa",882,0.5,0.5,1,0.1,0.1,15,0.5,2,10000,1000,2
"article_1_2_1_3_1_883.RDa",883,0.5,0.5,1,0.1,0.1,15,0.5,2,10000,1000,2
"article_1_2_1_3_1_884.RDa",884,0.5,0.5,1,0.1,0.1,15,0.5,2,10000,1000,2
"article_1_2_1_3_1_885.RDa",885,0.5,0.5,1,0.1,0.1,15,0.5,2,10000,1000,2
"article_1_2_1_3_1_886.RDa",886,0.5,0.5,1,0.1,0.1,15,0.5,2,10000,1000,2
"article_1_2_1_3_1_887.RDa",887,0.5,0.5,1,0.1,0.1,15,0.5,2,10000,1000,2
"article_1_2_1_3_1_888.RDa",888,0.5,0.5,1,0.1,0.1,15,0.5,2,10000,1000,2
"article_1_2_1_3_1_889.RDa",889,0.5,0.5,1,0.1,0.1,15,0.5,2,10000,1000,2
"article_1_2_1_3_1_890.RDa",890,0.5,0.5,1,0.1,0.1,15,0.5,2,10000,1000,2
"article_1_2_1_3_1_891.RDa",891,0.5,0.5,1,0.1,0.1,15,0.5,2,10000,1000,2
"article_1_2_1_3_1_892.RDa",892,0.5,0.5,1,0.1,0.1,15,0.5,2,10000,1000,2
"article_1_2_1_3_1_893.RDa",893,0.5,0.5,1,0.1,0.1,15,0.5,2,10000,1000,2
"article_1_2_1_3_1_894.RDa",894,0.5,0.5,1,0.1,0.1,15,0.5,2,10000,1000,2
"article_1_2_1_3_1_895.RDa",895,0.5,0.5,1,0.1,0.1,15,0.5,2,10000,1000,2
"article_1_2_1_3_1_896.RDa",896,0.5,0.5,1,0.1,0.1,15,0.5,2,10000,1000,2
"article_1_2_1_3_1_897.RDa",897,0.5,0.5,1,0.1,0.1,15,0.5,2,10000,1000,2
"article_1_2_1_3_1_898.RDa",898,0.5,0.5,1,0.1,0.1,15,0.5,2,10000,1000,2
"article_1_2_1_3_1_899.RDa",899,0.5,0.5,1,0.1,0.1,15,0.5,2,10000,1000,2
"article_1_2_2_3_0_900.RDa",900,0.5,0.5,1,0.2,0.2,15,0.5,2,1000,1000,2
"article_1_2_2_3_0_901.RDa",901,0.5,0.5,1,0.2,0.2,15,0.5,2,1000,1000,2
"article_1_2_2_3_0_902.RDa",902,0.5,0.5,1,0.2,0.2,15,0.5,2,1000,1000,2
"article_1_2_2_3_0_903.RDa",903,0.5,0.5,1,0.2,0.2,15,0.5,2,1000,1000,2
"article_1_2_2_3_0_904.RDa",904,0.5,0.5,1,0.2,0.2,15,0.5,2,1000,1000,2
"article_1_2_2_3_0_905.RDa",905,0.5,0.5,1,0.2,0.2,15,0.5,2,1000,1000,2
"article_1_2_2_3_0_906.RDa",906,0.5,0.5,1,0.2,0.2,15,0.5,2,1000,1000,2
"article_1_2_2_3_0_907.RDa",907,0.5,0.5,1,0.2,0.2,15,0.5,2,1000,1000,2
"article_1_2_2_3_0_908.RDa",908,0.5,0.5,1,0.2,0.2,15,0.5,2,1000,1000,2
"article_1_2_2_3_0_909.RDa",909,0.5,0.5,1,0.2,0.2,15,0.5,2,1000,1000,2
"article_1_2_2_3_0_910.RDa",910,0.5,0.5,1,0.2,0.2,15,0.5,2,1000,1000,2
"article_1_2_2_3_0_911.RDa",911,0.5,0.5,1,0.2,0.2,15,0.5,2,1000,1000,2
"article_1_2_2_3_0_912.RDa",912,0.5,0.5,1,0.2,0.2,15,0.5,2,1000,1000,2
"article_1_2_2_3_0_913.RDa",913,0.5,0.5,1,0.2,0.2,15,0.5,2,1000,1000,2
"article_1_2_2_3_0_914.RDa",914,0.5,0.5,1,0.2,0.2,15,0.5,2,1000,1000,2
"article_1_2_2_3_0_915.RDa",915,0.5,0.5,1,0.2,0.2,15,0.5,2,1000,1000,2
"article_1_2_2_3_0_916.RDa",916,0.5,0.5,1,0.2,0.2,15,0.5,2,1000,1000,2
"article_1_2_2_3_0_917.RDa",917,0.5,0.5,1,0.2,0.2,15,0.5,2,1000,1000,2
"article_1_2_2_3_0_918.RDa",918,0.5,0.5,1,0.2,0.2,15,0.5,2,1000,1000,2
"article_1_2_2_3_0_919.RDa",919,0.5,0.5,1,0.2,0.2,15,0.5,2,1000,1000,2
"article_1_2_2_3_1_920.RDa",920,0.5,0.5,1,0.2,0.2,15,0.5,2,10000,1000,2
"article_1_2_2_3_1_921.RDa",921,0.5,0.5,1,0.2,0.2,15,0.5,2,10000,1000,2
"article_1_2_2_3_1_922.RDa",922,0.5,0.5,1,0.2,0.2,15,0.5,2,10000,1000,2
"article_1_2_2_3_1_923.RDa",923,0.5,0.5,1,0.2,0.2,15,0.5,2,10000,1000,2
"article_1_2_2_3_1_924.RDa",924,0.5,0.5,1,0.2,0.2,15,0.5,2,10000,1000,2
"article_1_2_2_3_1_925.RDa",925,0.5,0.5,1,0.2,0.2,15,0.5,2,10000,1000,2
"article_1_2_2_3_1_926.RDa",926,0.5,0.5,1,0.2,0.2,15,0.5,2,10000,1000,2
"article_1_2_2_3_1_927.RDa",927,0.5,0.5,1,0.2,0.2,15,0.5,2,10000,1000,2
"article_1_2_2_3_1_928.RDa",928,0.5,0.5,1,0.2,0.2,15,0.5,2,10000,1000,2
"article_1_2_2_3_1_929.RDa",929,0.5,0.5,1,0.2,0.2,15,0.5,2,10000,1000,2
"article_1_2_2_3_1_930.RDa",930,0.5,0.5,1,0.2,0.2,15,0.5,2,10000,1000,2
"article_1_2_2_3_1_931.RDa",931,0.5,0.5,1,0.2,0.2,15,0.5,2,10000,1000,2
"article_1_2_2_3_1_932.RDa",932,0.5,0.5,1,0.2,0.2,15,0.5,2,10000,1000,2
"article_1_2_2_3_1_933.RDa",933,0.5,0.5,1,0.2,0.2,15,0.5,2,10000,1000,2
"article_1_2_2_3_1_934.RDa",934,0.5,0.5,1,0.2,0.2,15,0.5,2,10000,1000,2
"article_1_2_2_3_1_935.RDa",935,0.5,0.5,1,0.2,0.2,15,0.5,2,10000,1000,2
"article_1_2_2_3_1_936.RDa",936,0.5,0.5,1,0.2,0.2,15,0.5,2,10000,1000,2
"article_1_2_2_3_1_937.RDa",937,0.5,0.5,1,0.2,0.2,15,0.5,2,10000,1000,2
"article_1_2_2_3_1_938.RDa",938,0.5,0.5,1,0.2,0.2,15,0.5,2,10000,1000,2
"article_1_2_2_3_1_939.RDa",939,0.5,0.5,1,0.2,0.2,15,0.5,2,10000,1000,2
"article_1_3_0_3_0_940.RDa",940,0.5,0.5,1e+06,0,0,15,0.5,2,1000,1000,2
"article_1_3_0_3_0_941.RDa",941,0.5,0.5,1e+06,0,0,15,0.5,2,1000,1000,2
"article_1_3_0_3_0_942.RDa",942,0.5,0.5,1e+06,0,0,15,0.5,2,1000,1000,2
"article_1_3_0_3_0_943.RDa",943,0.5,0.5,1e+06,0,0,15,0.5,2,1000,1000,2
"article_1_3_0_3_0_944.RDa",944,0.5,0.5,1e+06,0,0,15,0.5,2,1000,1000,2
"article_1_3_0_3_0_945.RDa",945,0.5,0.5,1e+06,0,0,15,0.5,2,1000,1000,2
"article_1_3_0_3_0_946.RDa",946,0.5,0.5,1e+06,0,0,15,0.5,2,1000,1000,2
"article_1_3_0_3_0_947.RDa",947,0.5,0.5,1e+06,0,0,15,0.5,2,1000,1000,2
"article_1_3_0_3_0_948.RDa",948,0.5,0.5,1e+06,0,0,15,0.5,2,1000,1000,2
"article_1_3_0_3_0_949.RDa",949,0.5,0.5,1e+06,0,0,15,0.5,2,1000,1000,2
"article_1_3_0_3_0_950.RDa",950,0.5,0.5,1e+06,0,0,15,0.5,2,1000,1000,2
"article_1_3_0_3_0_951.RDa",951,0.5,0.5,1e+06,0,0,15,0.5,2,1000,1000,2
"article_1_3_0_3_0_952.RDa",952,0.5,0.5,1e+06,0,0,15,0.5,2,1000,1000,2
"article_1_3_0_3_0_953.RDa",953,0.5,0.5,1e+06,0,0,15,0.5,2,1000,1000,2
"article_1_3_0_3_0_954.RDa",954,0.5,0.5,1e+06,0,0,15,0.5,2,1000,1000,2
"article_1_3_0_3_0_955.RDa",955,0.5,0.5,1e+06,0,0,15,0.5,2,1000,1000,2
"article_1_3_0_3_0_956.RDa",956,0.5,0.5,1e+06,0,0,15,0.5,2,1000,1000,2
"article_1_3_0_3_0_957.RDa",957,0.5,0.5,1e+06,0,0,15,0.5,2,1000,1000,2
"article_1_3_0_3_0_958.RDa",958,0.5,0.5,1e+06,0,0,15,0.5,2,1000,1000,2
"article_1_3_0_3_0_959.RDa",959,0.5,0.5,1e+06,0,0,15,0.5,2,1000,1000,2
"article_1_3_0_3_1_960.RDa",960,0.5,0.5,1e+06,0,0,15,0.5,2,10000,1000,2
"article_1_3_0_3_1_961.RDa",961,0.5,0.5,1e+06,0,0,15,0.5,2,10000,1000,2
"article_1_3_0_3_1_962.RDa",962,0.5,0.5,1e+06,0,0,15,0.5,2,10000,1000,2
"article_1_3_0_3_1_963.RDa",963,0.5,0.5,1e+06,0,0,15,0.5,2,10000,1000,2
"article_1_3_0_3_1_964.RDa",964,0.5,0.5,1e+06,0,0,15,0.5,2,10000,1000,2
"article_1_3_0_3_1_965.RDa",965,0.5,0.5,1e+06,0,0,15,0.5,2,10000,1000,2
"article_1_3_0_3_1_966.RDa",966,0.5,0.5,1e+06,0,0,15,0.5,2,10000,1000,2
"article_1_3_0_3_1_967.RDa",967,0.5,0.5,1e+06,0,0,15,0.5,2,10000,1000,2
"article_1_3_0_3_1_968.RDa",968,0.5,0.5,1e+06,0,0,15,0.5,2,10000,1000,2
"article_1_3_0_3_1_969.RDa",969,0.5,0.5,1e+06,0,0,15,0.5,2,10000,1000,2
"article_1_3_0_3_1_970.RDa",970,0.5,0.5,1e+06,0,0,15,0.5,2,10000,1000,2
"article_1_3_0_3_1_971.RDa",971,0.5,0.5,1e+06,0,0,15,0.5,2,10000,1000,2
"article_1_3_0_3_1_972.RDa",972,0.5,0.5,1e+06,0,0,15,0.5,2,10000,1000,2
"article_1_3_0_3_1_973.RDa",973,0.5,0.5,1e+06,0,0,15,0.5,2,10000,1000,2
"article_1_3_0_3_1_974.RDa",974,0.5,0.5,1e+06,0,0,15,0.5,2,10000,1000,2
"article_1_3_0_3_1_975.RDa",975,0.5,0.5,1e+06,0,0,15,0.5,2,10000,1000,2
"article_1_3_0_3_1_976.RDa",976,0.5,0.5,1e+06,0,0,15,0.5,2,10000,1000,2
"article_1_3_0_3_1_977.RDa",977,0.5,0.5,1e+06,0,0,15,0.5,2,10000,1000,2
"article_1_3_0_3_1_978.RDa",978,0.5,0.5,1e+06,0,0,15,0.5,2,10000,1000,2
"article_1_3_0_3_1_979.RDa",979,0.5,0.5,1e+06,0,0,15,0.5,2,10000,1000,2
"article_1_3_1_3_0_980.RDa",980,0.5,0.5,1e+06,0.1,0.1,15,0.5,2,1000,1000,2
"article_1_3_1_3_0_981.RDa",981,0.5,0.5,1e+06,0.1,0.1,15,0.5,2,1000,1000,2
"article_1_3_1_3_0_982.RDa",982,0.5,0.5,1e+06,0.1,0.1,15,0.5,2,1000,1000,2
"article_1_3_1_3_0_983.RDa",983,0.5,0.5,1e+06,0.1,0.1,15,0.5,2,1000,1000,2
"article_1_3_1_3_0_984.RDa",984,0.5,0.5,1e+06,0.1,0.1,15,0.5,2,1000,1000,2
"article_1_3_1_3_0_985.RDa",985,0.5,0.5,1e+06,0.1,0.1,15,0.5,2,1000,1000,2
"article_1_3_1_3_0_986.RDa",986,0.5,0.5,1e+06,0.1,0.1,15,0.5,2,1000,1000,2
"article_1_3_1_3_0_987.RDa",987,0.5,0.5,1e+06,0.1,0.1,15,0.5,2,1000,1000,2
"article_1_3_1_3_0_988.RDa",988,0.5,0.5,1e+06,0.1,0.1,15,0.5,2,1000,1000,2
"article_1_3_1_3_0_989.RDa",989,0.5,0.5,1e+06,0.1,0.1,15,0.5,2,1000,1000,2
"article_1_3_1_3_0_990.RDa",990,0.5,0.5,1e+06,0.1,0.1,15,0.5,2,1000,1000,2
"article_1_3_1_3_0_991.RDa",991,0.5,0.5,1e+06,0.1,0.1,15,0.5,2,1000,1000,2
"article_1_3_1_3_0_992.RDa",992,0.5,0.5,1e+06,0.1,0.1,15,0.5,2,1000,1000,2
"article_1_3_1_3_0_993.RDa",993,0.5,0.5,1e+06,0.1,0.1,15,0.5,2,1000,1000,2
"article_1_3_1_3_0_994.RDa",994,0.5,0.5,1e+06,0.1,0.1,15,0.5,2,1000,1000,2
"article_1_3_1_3_0_995.RDa",995,0.5,0.5,1e+06,0.1,0.1,15,0.5,2,1000,1000,2
"article_1_3_1_3_0_996.RDa",996,0.5,0.5,1e+06,0.1,0.1,15,0.5,2,1000,1000,2
"article_1_3_1_3_0_997.RDa",997,0.5,0.5,1e+06,0.1,0.1,15,0.5,2,1000,1000,2
"article_1_3_1_3_0_998.RDa",998,0.5,0.5,1e+06,0.1,0.1,15,0.5,2,1000,1000,2
"article_1_3_1_3_0_999.RDa",999,0.5,0.5,1e+06,0.1,0.1,15,0.5,2,1000,1000,2
"article_1_3_1_3_1_1000.RDa",1000,0.5,0.5,1e+06,0.1,0.1,15,0.5,2,10000,1000,2
"article_1_3_1_3_1_1001.RDa",1001,0.5,0.5,1e+06,0.1,0.1,15,0.5,2,10000,1000,2
"article_1_3_1_3_1_1002.RDa",1002,0.5,0.5,1e+06,0.1,0.1,15,0.5,2,10000,1000,2
"article_1_3_1_3_1_1003.RDa",1003,0.5,0.5,1e+06,0.1,0.1,15,0.5,2,10000,1000,2
"article_1_3_1_3_1_1004.RDa",1004,0.5,0.5,1e+06,0.1,0.1,15,0.5,2,10000,1000,2
"article_1_3_1_3_1_1005.RDa",1005,0.5,0.5,1e+06,0.1,0.1,15,0.5,2,10000,1000,2
"article_1_3_1_3_1_1006.RDa",1006,0.5,0.5,1e+06,0.1,0.1,15,0.5,2,10000,1000,2
"article_1_3_1_3_1_1007.RDa",1007,0.5,0.5,1e+06,0.1,0.1,15,0.5,2,10000,1000,2
"article_1_3_1_3_1_1008.RDa",1008,0.5,0.5,1e+06,0.1,0.1,15,0.5,2,10000,1000,2
"article_1_3_1_3_1_1009.RDa",1009,0.5,0.5,1e+06,0.1,0.1,15,0.5,2,10000,1000,2
"article_1_3_1_3_1_1010.RDa",1010,0.5,0.5,1e+06,0.1,0.1,15,0.5,2,10000,1000,2
"article_1_3_1_3_1_1011.RDa",1011,0.5,0.5,1e+06,0.1,0.1,15,0.5,2,10000,1000,2
"article_1_3_1_3_1_1012.RDa",1012,0.5,0.5,1e+06,0.1,0.1,15,0.5,2,10000,1000,2
"article_1_3_1_3_1_1013.RDa",1013,0.5,0.5,1e+06,0.1,0.1,15,0.5,2,10000,1000,2
"article_1_3_1_3_1_1014.RDa",1014,0.5,0.5,1e+06,0.1,0.1,15,0.5,2,10000,1000,2
"article_1_3_1_3_1_1015.RDa",1015,0.5,0.5,1e+06,0.1,0.1,15,0.5,2,10000,1000,2
"article_1_3_1_3_1_1016.RDa",1016,0.5,0.5,1e+06,0.1,0.1,15,0.5,2,10000,1000,2
"article_1_3_1_3_1_1017.RDa",1017,0.5,0.5,1e+06,0.1,0.1,15,0.5,2,10000,1000,2
"article_1_3_1_3_1_1018.RDa",1018,0.5,0.5,1e+06,0.1,0.1,15,0.5,2,10000,1000,2
"article_1_3_1_3_1_1019.RDa",1019,0.5,0.5,1e+06,0.1,0.1,15,0.5,2,10000,1000,2
"article_1_3_2_3_0_1020.RDa",1020,0.5,0.5,1e+06,0.2,0.2,15,0.5,2,1000,1000,2
"article_1_3_2_3_0_1021.RDa",1021,0.5,0.5,1e+06,0.2,0.2,15,0.5,2,1000,1000,2
"article_1_3_2_3_0_1022.RDa",1022,0.5,0.5,1e+06,0.2,0.2,15,0.5,2,1000,1000,2
"article_1_3_2_3_0_1023.RDa",1023,0.5,0.5,1e+06,0.2,0.2,15,0.5,2,1000,1000,2
"article_1_3_2_3_0_1024.RDa",1024,0.5,0.5,1e+06,0.2,0.2,15,0.5,2,1000,1000,2
"article_1_3_2_3_0_1025.RDa",1025,0.5,0.5,1e+06,0.2,0.2,15,0.5,2,1000,1000,2
"article_1_3_2_3_0_1026.RDa",1026,0.5,0.5,1e+06,0.2,0.2,15,0.5,2,1000,1000,2
"article_1_3_2_3_0_1027.RDa",1027,0.5,0.5,1e+06,0.2,0.2,15,0.5,2,1000,1000,2
"article_1_3_2_3_0_1028.RDa",1028,0.5,0.5,1e+06,0.2,0.2,15,0.5,2,1000,1000,2
"article_1_3_2_3_0_1029.RDa",1029,0.5,0.5,1e+06,0.2,0.2,15,0.5,2,1000,1000,2
"article_1_3_2_3_0_1030.RDa",1030,0.5,0.5,1e+06,0.2,0.2,15,0.5,2,1000,1000,2
"article_1_3_2_3_0_1031.RDa",1031,0.5,0.5,1e+06,0.2,0.2,15,0.5,2,1000,1000,2
"article_1_3_2_3_0_1032.RDa",1032,0.5,0.5,1e+06,0.2,0.2,15,0.5,2,1000,1000,2
"article_1_3_2_3_0_1033.RDa",1033,0.5,0.5,1e+06,0.2,0.2,15,0.5,2,1000,1000,2
"article_1_3_2_3_0_1034.RDa",1034,0.5,0.5,1e+06,0.2,0.2,15,0.5,2,1000,1000,2
"article_1_3_2_3_0_1035.RDa",1035,0.5,0.5,1e+06,0.2,0.2,15,0.5,2,1000,1000,2
"article_1_3_2_3_0_1036.RDa",1036,0.5,0.5,1e+06,0.2,0.2,15,0.5,2,1000,1000,2
"article_1_3_2_3_0_1037.RDa",1037,0.5,0.5,1e+06,0.2,0.2,15,0.5,2,1000,1000,2
"article_1_3_2_3_0_1038.RDa",1038,0.5,0.5,1e+06,0.2,0.2,15,0.5,2,1000,1000,2
"article_1_3_2_3_0_1039.RDa",1039,0.5,0.5,1e+06,0.2,0.2,15,0.5,2,1000,1000,2
"article_1_3_2_3_1_1040.RDa",1040,0.5,0.5,1e+06,0.2,0.2,15,0.5,2,10000,1000,2
"article_1_3_2_3_1_1041.RDa",1041,0.5,0.5,1e+06,0.2,0.2,15,0.5,2,10000,1000,2
"article_1_3_2_3_1_1042.RDa",1042,0.5,0.5,1e+06,0.2,0.2,15,0.5,2,10000,1000,2
"article_1_3_2_3_1_1043.RDa",1043,0.5,0.5,1e+06,0.2,0.2,15,0.5,2,10000,1000,2
"article_1_3_2_3_1_1044.RDa",1044,0.5,0.5,1e+06,0.2,0.2,15,0.5,2,10000,1000,2
"article_1_3_2_3_1_1045.RDa",1045,0.5,0.5,1e+06,0.2,0.2,15,0.5,2,10000,1000,2
"article_1_3_2_3_1_1046.RDa",1046,0.5,0.5,1e+06,0.2,0.2,15,0.5,2,10000,1000,2
"article_1_3_2_3_1_1047.RDa",1047,0.5,0.5,1e+06,0.2,0.2,15,0.5,2,10000,1000,2
"article_1_3_2_3_1_1048.RDa",1048,0.5,0.5,1e+06,0.2,0.2,15,0.5,2,10000,1000,2
"article_1_3_2_3_1_1049.RDa",1049,0.5,0.5,1e+06,0.2,0.2,15,0.5,2,10000,1000,2
"article_1_3_2_3_1_1050.RDa",1050,0.5,0.5,1e+06,0.2,0.2,15,0.5,2,10000,1000,2
"article_1_3_2_3_1_1051.RDa",1051,0.5,0.5,1e+06,0.2,0.2,15,0.5,2,10000,1000,2
"article_1_3_2_3_1_1052.RDa",1052,0.5,0.5,1e+06,0.2,0.2,15,0.5,2,10000,1000,2
"article_1_3_2_3_1_1053.RDa",1053,0.5,0.5,1e+06,0.2,0.2,15,0.5,2,10000,1000,2
"article_1_3_2_3_1_1054.RDa",1054,0.5,0.5,1e+06,0.2,0.2,15,0.5,2,10000,1000,2
"article_1_3_2_3_1_1055.RDa",1055,0.5,0.5,1e+06,0.2,0.2,15,0.5,2,10000,1000,2
"article_1_3_2_3_1_1056.RDa",1056,0.5,0.5,1e+06,0.2,0.2,15,0.5,2,10000,1000,2
"article_1_3_2_3_1_1057.RDa",1057,0.5,0.5,1e+06,0.2,0.2,15,0.5,2,10000,1000,2
"article_1_3_2_3_1_1058.RDa",1058,0.5,0.5,1e+06,0.2,0.2,15,0.5,2,10000,1000,2
"article_1_3_2_3_1_1059.RDa",1059,0.5,0.5,1e+06,0.2,0.2,15,0.5,2,10000,1000,2
